ts,symbol,combo,event,direction,st_line,bars_since_flip,low,high,rsi_ok,adx_slope_ok,rsi,adx_slope
2023-08-21,NVDA,B,flip_armed,LONG,40.99211014871634,,,,,,,
2023-08-22,NVDA,B,no_pullback,LONG,41.855399133844706,1.0,45.34,48.17,,,,
2023-08-23,NVDA,B,no_pullback,LONG,41.855399133844706,2.0,45.22,47.2,,,,
2023-08-24,NVDA,B,no_pullback,LONG,43.51082329841421,3.0,47.16,50.27,,,,
2023-08-25,NVDA,B,no_pullback,LONG,43.51082329841421,4.0,45.03,47.8,,,,
2023-08-28,NVDA,B,no_pullback,LONG,43.51082329841421,5.0,44.9,46.97,,,,
2023-08-29,NVDA,B,no_pullback,LONG,43.51082329841421,6.0,46.4,49.07,,,,
2023-08-30,NVDA,B,no_pullback,LONG,43.86328216608956,7.0,48.43,49.92,,,,
2023-08-31,NVDA,B,no_pullback,LONG,44.3669539494806,8.0,48.96,49.71,,,,
2023-09-01,NVDA,B,no_pullback,LONG,44.3669539494806,9.0,48.15,49.78,,,,
2023-09-05,NVDA,B,no_pullback,LONG,44.3669539494806,10.0,47.95,48.84,,,,
2023-09-06,NVDA,B,window_expired,LONG,,11.0,,,,,,
2023-09-15,NVDA,B,flip_armed,SHORT,48.77030013948257,,,,,,,
2023-09-18,NVDA,B,no_pullback,SHORT,47.41077012553431,1.0,42.3,44.23,,,,
2023-09-19,NVDA,B,no_pullback,SHORT,47.41077012553431,2.0,43.02,43.94,,,,
2023-09-20,NVDA,B,no_pullback,SHORT,47.044573801682795,3.0,42.23,43.89,,,,
2023-09-21,NVDA,B,no_pullback,SHORT,45.43611642151451,4.0,40.98,42.09,,,,
2023-09-22,NVDA,B,no_pullback,SHORT,45.43611642151451,5.0,41.25,42.1,,,,
2023-09-25,NVDA,B,no_pullback,SHORT,45.43611642151451,6.0,41.19,42.54,,,,
2023-09-26,NVDA,B,no_pullback,SHORT,45.43611642151451,7.0,41.67,42.82,,,,
2023-09-27,NVDA,B,no_pullback,SHORT,45.43611642151451,8.0,41.64,42.86,,,,
2023-09-28,NVDA,B,no_pullback,SHORT,45.43611642151451,9.0,42.12,43.43,,,,
2023-09-29,NVDA,B,pullback_gate_fail,SHORT,,10.0,,,True,False,46.93424793504325,-5.890976588010616
2023-10-02,NVDA,B,window_expired,SHORT,,11.0,,,,,,
2023-10-06,NVDA,B,flip_armed,LONG,41.421966860508284,,,,,,,
2023-10-09,NVDA,B,no_pullback,LONG,41.493270174457464,1.0,44.37,45.59,,,,
2023-10-10,NVDA,B,no_pullback,LONG,42.25444315701171,2.0,45.11,46.24,,,,
2023-10-11,NVDA,B,no_pullback,LONG,43.108998841310544,3.0,46.06,46.83,,,,
2023-10-12,NVDA,B,no_pullback,LONG,43.66259895717949,4.0,46.35,47.61,,,,
2023-10-13,NVDA,B,no_pullback,LONG,43.66259895717949,5.0,45.28,47.06,,,,
2023-10-16,NVDA,B,pullback_gate_fail,LONG,,6.0,,,True,False,55.93652235129462,-3.244230381629528
2023-10-17,NVDA,B,pullback_gate_fail,LONG,,7.0,,,False,False,46.056997889551006,-0.876537399936197
2023-10-18,NVDA,B,reflip_disarm,LONG,,8.0,,,,,,
2023-10-18,NVDA,B,flip_armed,SHORT,46.61640182419454,,,,,,,
2023-10-19,NVDA,B,no_pullback,SHORT,46.60026164177509,1.0,41.88,43.27,,,,
2023-10-20,NVDA,B,no_pullback,SHORT,45.74023547759758,2.0,41.09,42.46,,,,
2023-10-23,NVDA,B,no_pullback,SHORT,45.74023547759758,3.0,40.96,43.24,,,,
2023-10-24,NVDA,B,no_pullback,SHORT,45.74023547759758,4.0,42.72,43.7,,,,
2023-10-25,NVDA,B,no_pullback,SHORT,45.74023547759758,5.0,41.56,43.64,,,,
2023-10-26,NVDA,B,no_pullback,SHORT,45.33082099685177,6.0,39.89,42.23,,,,
2023-10-27,NVDA,B,no_pullback,SHORT,44.74873889716659,7.0,40.02,41.2,,,,
2023-10-30,NVDA,B,no_pullback,SHORT,44.74873889716659,8.0,40.49,41.76,,,,
2023-10-31,NVDA,B,no_pullback,SHORT,44.17062850670494,9.0,39.24,40.87,,,,
2023-11-01,NVDA,B,no_pullback,SHORT,44.17062850670494,10.0,40.97,42.38,,,,
2023-11-02,NVDA,B,window_expired,SHORT,,11.0,,,,,,
2023-11-03,NVDA,B,flip_armed,LONG,40.3899568186121,,,,,,,
2023-11-06,NVDA,B,no_pullback,LONG,41.44496113675089,1.0,44.9,45.93,,,,
2023-11-07,NVDA,B,no_pullback,LONG,41.8569650230758,2.0,45.17,46.21,,,,
2023-11-08,NVDA,B,no_pullback,LONG,42.757768520768224,3.0,46.0,46.86,,,,
2023-11-09,NVDA,B,no_pullback,LONG,43.7724916686914,4.0,46.76,48.23,,,,
2023-11-10,NVDA,B,no_pullback,LONG,44.16724250182226,5.0,47.32,48.47,,,,
2023-11-13,NVDA,B,no_pullback,LONG,45.00501825164003,6.0,48.11,49.11,,,,
2023-11-14,NVDA,B,no_pullback,LONG,45.890516426476026,7.0,49.05,49.83,,,,
2023-11-15,NVDA,B,no_pullback,LONG,45.890516426476026,8.0,48.2,49.94,,,,
2023-11-16,NVDA,B,no_pullback,LONG,45.890516426476026,9.0,48.34,49.51,,,,
2023-11-17,NVDA,B,no_pullback,LONG,45.981826474901034,10.0,49.02,49.68,,,,
2023-11-20,NVDA,B,window_expired,LONG,,11.0,,,,,,
2023-12-04,NVDA,B,flip_armed,SHORT,48.854041137402625,,,,,,,
2023-12-05,NVDA,B,no_pullback,SHORT,48.854041137402625,1.0,45.29,46.6,,,,
2023-12-06,NVDA,B,no_pullback,SHORT,48.854041137402625,2.0,45.42,47.38,,,,
2023-12-07,NVDA,B,no_pullback,SHORT,48.854041137402625,3.0,45.61,46.63,,,,
2023-12-08,NVDA,B,pullback_gate_fail,SHORT,,4.0,,,False,False,53.34713460364483,-0.7751307901138702
2023-12-11,NVDA,B,pullback_gate_fail,SHORT,,5.0,,,True,False,49.37410321190869,-3.204203660109588
2023-12-12,NVDA,B,pullback_gate_fail,SHORT,,6.0,,,False,False,53.75728583964207,-2.383747614279706
2023-12-13,NVDA,B,pullback_gate_fail,SHORT,,7.0,,,False,True,55.51222297004753,0.8484548631834272
2023-12-14,NVDA,B,pullback_gate_fail,SHORT,,8.0,,,False,False,56.52185079335684,-0.2790853862087914
2023-12-15,NVDA,B,reflip_disarm,SHORT,,9.0,,,,,,
2023-12-15,NVDA,B,flip_armed,LONG,45.43575838237136,,,,,,,
2023-12-18,NVDA,B,no_pullback,LONG,46.42368254413422,1.0,49.17,50.42,,,,
2023-12-19,NVDA,B,no_pullback,LONG,46.42368254413422,2.0,48.9,49.7,,,,
2023-12-20,NVDA,B,no_pullback,LONG,46.42368254413422,3.0,48.12,50.0,,,,
2023-12-21,NVDA,B,no_pullback,LONG,46.42368254413422,4.0,48.43,49.08,,,,
2023-12-22,NVDA,B,no_pullback,LONG,46.42368254413422,5.0,48.49,49.36,,,,
2023-12-26,NVDA,B,no_pullback,LONG,46.42368254413422,6.0,48.97,49.6,,,,
2023-12-27,NVDA,B,no_pullback,LONG,46.45004212993724,7.0,49.1,49.68,,,,
2023-12-28,NVDA,B,no_pullback,LONG,46.89403791694351,8.0,49.43,49.88,,,,
2023-12-29,NVDA,B,no_pullback,LONG,46.89403791694351,9.0,48.78,49.99,,,,
2024-01-02,NVDA,B,pullback_entry,LONG,46.89403791694351,10.0,47.62,,,,50.076182791146,1.0873530638188882
2024-02-21,NVDA,B,flip_armed,SHORT,74.04026751339798,,,,,,,
2024-02-22,NVDA,B,reflip_disarm,SHORT,,1.0,,,,,,
2024-02-22,NVDA,B,flip_armed,LONG,67.82775923794182,,,,,,,
2024-02-23,NVDA,B,no_pullback,LONG,71.08348331414766,1.0,77.62,82.37,,,,
2024-02-26,NVDA,B,no_pullback,LONG,71.08348331414766,2.0,78.55,80.6,,,,
2024-02-27,NVDA,B,no_pullback,LONG,71.08348331414766,3.0,77.18,79.46,,,,
2024-02-28,NVDA,B,no_pullback,LONG,71.08348331414766,4.0,77.13,78.9,,,,
2024-02-29,NVDA,B,no_pullback,LONG,71.52209140241227,5.0,78.36,79.99,,,,
2024-03-01,NVDA,B,no_pullback,LONG,73.18988226217104,6.0,79.46,82.29,,,,
2024-03-04,NVDA,B,no_pullback,LONG,77.42839403595393,7.0,83.74,87.66,,,,
2024-03-05,NVDA,B,no_pullback,LONG,77.42839403595393,8.0,83.43,86.03,,,,
2024-03-06,NVDA,B,no_pullback,LONG,80.17249916912267,9.0,87.07,89.71,,,,
2024-03-07,NVDA,B,no_pullback,LONG,82.79924925221042,10.0,89.65,92.74,,,,
2024-03-08,NVDA,B,window_expired,LONG,,11.0,,,,,,
2024-04-09,NVDA,B,flip_armed,SHORT,93.82127732745282,,,,,,,
2024-04-10,NVDA,B,no_pullback,SHORT,93.82127732745282,1.0,83.78,87.39,,,,
2024-04-11,NVDA,B,no_pullback,SHORT,93.82127732745282,2.0,86.97,90.73,,,,
2024-04-12,NVDA,B,no_pullback,SHORT,93.82127732745282,3.0,87.55,90.13,,,,
2024-04-15,NVDA,B,no_pullback,SHORT,93.82127732745282,4.0,85.95,90.61,,,,
2024-04-16,NVDA,B,no_pullback,SHORT,93.82127732745282,5.0,86.11,88.07,,,,
2024-04-17,NVDA,B,no_pullback,SHORT,93.82127732745282,6.0,83.96,88.77,,,,
2024-04-18,NVDA,B,no_pullback,SHORT,93.18208317876096,7.0,82.4,86.17,,,,
2024-04-19,NVDA,B,no_pullback,SHORT,90.22987486088486,8.0,75.63,84.27,,,,
2024-04-22,NVDA,B,no_pullback,SHORT,88.46188737479639,9.0,76.43,80.06,,,,
2024-04-23,NVDA,B,no_pullback,SHORT,88.46188737479639,10.0,80.32,82.75,,,,
2024-04-24,NVDA,B,window_expired,SHORT,,11.0,,,,,,
2024-05-03,NVDA,B,flip_armed,LONG,78.28889896794846,,,,,,,
2024-05-06,NVDA,B,no_pullback,LONG,80.88150907115362,1.0,89.1,92.2,,,,
2024-05-07,NVDA,B,no_pullback,LONG,80.88150907115362,2.0,89.03,91.76,,,,
2024-05-08,NVDA,B,no_pullback,LONG,81.26277234763444,3.0,89.45,91.15,,,,
2024-05-09,NVDA,B,no_pullback,LONG,81.26277234763444,4.0,88.29,91.03,,,,
2024-05-10,NVDA,B,no_pullback,LONG,81.71584560158388,5.0,89.25,91.35,,,,
2024-05-13,NVDA,B,no_pullback,LONG,81.71584560158388,6.0,88.56,90.97,,,,
2024-05-14,NVDA,B,no_pullback,LONG,82.15708493728295,7.0,88.99,91.64,,,,
2024-05-15,NVDA,B,no_pullback,LONG,85.04287644355465,8.0,91.66,94.85,,,,
2024-05-16,NVDA,B,no_pullback,LONG,87.15408879919919,9.0,94.14,95.76,,,,
2024-05-17,NVDA,B,no_pullback,LONG,87.15408879919919,10.0,91.82,94.7,,,,
2024-05-20,NVDA,B,window_expired,LONG,,11.0,,,,,,
2024-06-24,NVDA,B,flip_armed,SHORT,135.95892826375302,,,,,,,
2024-06-25,NVDA,B,no_pullback,SHORT,135.95892826375302,1.0,119.4,126.495,,,,
2024-06-26,NVDA,B,no_pullback,SHORT,135.95892826375302,2.0,122.61,128.12,,,,
2024-06-27,NVDA,B,no_pullback,SHORT,135.95892826375302,3.0,122.945,126.4,,,,
2024-06-28,NVDA,B,no_pullback,SHORT,135.95892826375302,4.0,122.77,127.7,,,,
2024-07-01,NVDA,B,no_pullback,SHORT,135.95892826375302,5.0,118.85,124.83,,,,
2024-07-02,NVDA,B,no_pullback,SHORT,135.95129017791717,6.0,121.06,123.41,,,,
2024-07-03,NVDA,B,no_pullback,SHORT,135.95129017791717,7.0,121.36,128.26,,,,
2024-07-05,NVDA,B,no_pullback,SHORT,135.95129017791717,8.0,125.705,128.85,,,,
2024-07-08,NVDA,B,no_pullback,SHORT,135.95129017791717,9.0,127.09,130.77,,,,
2024-07-09,NVDA,B,pullback_gate_fail,SHORT,,10.0,,,False,True,62.71562580383394,2.432396301312771
2024-07-10,NVDA,B,window_expired,SHORT,,11.0,,,,,,
2024-08-15,NVDA,B,flip_armed,LONG,102.18834960621919,,,,,,,
2024-08-16,NVDA,B,no_pullback,LONG,105.77601464559726,1.0,121.18,125.0,,,,
2024-08-19,NVDA,B,no_pullback,LONG,109.49741318103753,2.0,123.44,130.0,,,,
2024-08-20,NVDA,B,no_pullback,LONG,111.34717186293378,3.0,125.89,129.86,,,,
2024-08-21,NVDA,B,no_pullback,LONG,112.4549546766404,4.0,126.66,129.34,,,,
2024-08-22,NVDA,B,no_pullback,LONG,112.4549546766404,5.0,123.1,130.74,,,,
2024-08-23,NVDA,B,no_pullback,LONG,112.4549546766404,6.0,125.245,129.59,,,,
2024-08-26,NVDA,B,no_pullback,LONG,112.4549546766404,7.0,124.4,131.25,,,,
2024-08-27,NVDA,B,no_pullback,LONG,112.4549546766404,8.0,123.905,129.19,,,,
2024-08-28,NVDA,B,no_pullback,LONG,112.4549546766404,9.0,122.66,128.3,,,,
2024-08-29,NVDA,B,no_pullback,LONG,112.4549546766404,10.0,116.76,124.4,,,,
2024-08-30,NVDA,B,window_expired,LONG,,11.0,,,,,,
2024-09-03,NVDA,B,flip_armed,SHORT,128.86512705617014,,,,,,,
2024-09-04,NVDA,B,no_pullback,SHORT,123.92611435055315,1.0,104.12,109.99,,,,
2024-09-05,NVDA,B,no_pullback,SHORT,123.61525291549782,2.0,104.805,109.64,,,,
2024-09-06,NVDA,B,no_pullback,SHORT,121.07222762394804,3.0,100.96,108.105,,,,
2024-09-09,NVDA,B,no_pullback,SHORT,120.92825486155324,4.0,103.71,106.54,,,,
2024-09-10,NVDA,B,no_pullback,SHORT,120.92825486155324,5.0,104.96,109.385,,,,
2024-09-11,NVDA,B,no_pullback,SHORT,120.92825486155324,6.0,107.43,117.16,,,,
2024-09-12,NVDA,B,pullback_gate_fail,SHORT,,7.0,,,False,False,53.44219699784361,-3.1534166739794216
2024-09-13,NVDA,B,pullback_gate_fail,SHORT,,8.0,,,False,False,53.3007678143968,-2.702928577696646
2024-09-16,NVDA,B,pullback_gate_fail,SHORT,,9.0,,,False,False,50.87722524182872,-5.007748312782898
2024-09-17,NVDA,B,pullback_gate_fail,SHORT,,10.0,,,True,False,49.68164206409854,-3.808015645952061
2024-09-18,NVDA,B,window_expired,SHORT,,11.0,,,,,,
2024-09-25,NVDA,B,flip_armed,LONG,110.5720693003651,,,,,,,
2024-09-26,NVDA,B,no_pullback,LONG,111.83686237032857,1.0,121.8,127.66,,,,
2024-09-27,NVDA,B,no_pullback,LONG,111.83686237032857,2.0,119.26,123.985,,,,
2024-09-30,NVDA,B,no_pullback,LONG,111.83686237032857,3.0,118.15,121.5,,,,
2024-10-01,NVDA,B,no_pullback,LONG,111.83686237032857,4.0,115.79,122.38,,,,
2024-10-02,NVDA,B,pullback_gate_fail,LONG,,5.0,,,True,False,51.31374843829889,-2.1581156665944903
2024-10-03,NVDA,B,no_pullback,LONG,111.83686237032857,6.0,120.35,124.36,,,,
2024-10-04,NVDA,B,no_pullback,LONG,111.83686237032857,7.0,121.91,125.0,,,,
2024-10-07,NVDA,B,no_pullback,LONG,115.42954203045481,8.0,125.02,130.62,,,,
2024-10-08,NVDA,B,no_pullback,LONG,118.87733782740932,9.0,129.43,133.48,,,,
2024-10-09,NVDA,B,no_pullback,LONG,120.85260404466838,10.0,131.39,134.52,,,,
2024-10-10,NVDA,B,window_expired,LONG,,11.0,,,,,,
2024-11-25,NVDA,B,flip_armed,SHORT,153.00939291182502,,,,,,,
2024-11-26,NVDA,B,no_pullback,SHORT,151.0604536206425,1.0,135.68,139.295,,,,
2024-11-27,NVDA,B,no_pullback,SHORT,147.07940825857824,2.0,131.8,135.385,,,,
2024-11-29,NVDA,B,no_pullback,SHORT,147.07940825857824,3.0,136.05,139.34,,,,
2024-12-02,NVDA,B,no_pullback,SHORT,147.07940825857824,4.0,137.83,140.435,,,,
2024-12-03,NVDA,B,no_pullback,SHORT,147.07940825857824,5.0,137.95,140.54,,,,
2024-12-04,NVDA,B,pullback_gate_fail,SHORT,,6.0,,,False,True,56.99879622473171,2.721143691222778
2024-12-05,NVDA,B,pullback_gate_fail,SHORT,,7.0,,,False,True,56.96637439011991,2.75820523963921
2024-12-06,NVDA,B,pullback_gate_fail,SHORT,,8.0,,,False,False,52.70470365164539,-0.6528735089690372
2024-12-09,NVDA,B,no_pullback,SHORT,147.07940825857824,9.0,137.16,139.94,,,,
2024-12-10,NVDA,B,no_pullback,SHORT,147.07940825857824,10.0,133.8,141.76,,,,
2024-12-11,NVDA,B,window_expired,SHORT,,11.0,,,,,,
2025-01-03,NVDA,B,flip_armed,LONG,129.4036109401083,,,,,,,
2025-01-06,NVDA,B,no_pullback,LONG,136.40599984609744,1.0,147.86,152.145,,,,
2025-01-07,NVDA,B,pullback_gate_fail,LONG,,2.0,,,True,False,51.679004108421985,-1.5964215532475095
2025-01-08,NVDA,B,pullback_gate_fail,LONG,,3.0,,,True,False,51.574040669916016,-2.731166461860358
2025-01-10,NVDA,B,reflip_disarm,LONG,,4.0,,,,,,
2025-01-10,NVDA,B,flip_armed,SHORT,151.34182361219493,,,,,,,
2025-01-13,NVDA,B,no_pullback,SHORT,146.96614125097548,1.0,129.67,133.445,,,,
2025-01-14,NVDA,B,no_pullback,SHORT,146.96614125097548,2.0,130.05,136.32,,,,
2025-01-15,NVDA,B,no_pullback,SHORT,146.96614125097548,3.0,131.31,136.41,,,,
2025-01-16,NVDA,B,no_pullback,SHORT,146.96614125097548,4.0,133.52,138.72,,,,
2025-01-17,NVDA,B,no_pullback,SHORT,146.96614125097548,5.0,135.5,138.5,,,,
2025-01-21,NVDA,B,no_pullback,SHORT,146.96614125097548,6.0,137.09,141.83,,,,
2025-01-22,NVDA,B,reflip_disarm,SHORT,,7.0,,,,,,
2025-01-22,NVDA,B,flip_armed,LONG,131.04234570994035,,,,,,,
2025-01-23,NVDA,B,no_pullback,LONG,131.37536113894635,1.0,143.74,147.22,,,,
2025-01-24,NVDA,B,no_pullback,LONG,131.37536113894635,2.0,141.88,148.96,,,,
2025-01-27,NVDA,B,reflip_disarm,LONG,,3.0,,,,,,
2025-01-27,NVDA,B,flip_armed,SHORT,142.0290074774535,,,,,,,
2025-01-28,NVDA,B,no_pullback,SHORT,142.0290074774535,1.0,116.26,128.99,,,,
2025-01-29,NVDA,B,no_pullback,SHORT,142.0290074774535,2.0,120.05,126.89,,,,
2025-01-30,NVDA,B,no_pullback,SHORT,142.0049564510636,3.0,118.1,124.96,,,,
2025-01-31,NVDA,B,no_pullback,SHORT,142.0049564510636,4.0,119.19,127.85,,,,
2025-02-03,NVDA,B,no_pullback,SHORT,136.0794647253615,5.0,113.03,118.56,,,,
2025-02-04,NVDA,B,no_pullback,SHORT,136.0794647253615,6.0,116.7,121.2,,,,
2025-02-05,NVDA,B,no_pullback,SHORT,136.0794647253615,7.0,120.76,124.975,,,,
2025-02-06,NVDA,B,no_pullback,SHORT,136.0794647253615,8.0,125.21,128.77,,,,
2025-02-07,NVDA,B,no_pullback,SHORT,136.0794647253615,9.0,127.6,130.37,,,,
2025-02-10,NVDA,B,pullback_gate_fail,SHORT,,10.0,,,False,False,51.937827803151144,-0.5481473627450448
2025-02-11,NVDA,B,window_expired,SHORT,,11.0,,,,,,
2025-02-14,NVDA,B,flip_armed,LONG,122.95763154424716,,,,,,,
2025-02-18,NVDA,B,no_pullback,LONG,126.31011838982248,1.0,137.93,143.425,,,,
2025-02-19,NVDA,B,no_pullback,LONG,126.31011838982248,2.0,137.22,141.34,,,,
2025-02-20,NVDA,B,no_pullback,LONG,126.31011838982248,3.0,136.81,140.51,,,,
2025-02-21,NVDA,B,no_pullback,LONG,126.31011838982248,4.0,134.03,141.45,,,,
2025-02-24,NVDA,B,no_pullback,LONG,126.31011838982248,5.0,130.16,138.585,,,,
2025-02-25,NVDA,B,pullback_gate_fail,LONG,,6.0,,,False,True,42.8438665776501,0.3477163754271686
2025-02-26,NVDA,B,pullback_gate_fail,LONG,,7.0,,,False,False,48.55422767071419,-2.5766420337321314
2025-02-27,NVDA,B,reflip_disarm,LONG,,8.0,,,,,,
2025-02-27,NVDA,B,flip_armed,SHORT,144.78319581526495,,,,,,,
2025-02-28,NVDA,B,no_pullback,SHORT,138.40237623373844,1.0,116.42,125.02,,,,
2025-03-03,NVDA,B,no_pullback,SHORT,137.0853886103646,2.0,112.31,123.69,,,,
2025-03-04,NVDA,B,no_pullback,SHORT,134.18934974932813,3.0,110.12,119.31,,,,
2025-03-05,NVDA,B,no_pullback,SHORT,134.18934974932813,4.0,114.515,118.27,,,,
2025-03-06,NVDA,B,no_pullback,SHORT,131.17909829695577,5.0,110.235,115.33,,,,
2025-03-07,NVDA,B,no_pullback,SHORT,128.5594384672602,6.0,107.57,113.48,,,,
2025-03-11,NVDA,B,no_pullback,SHORT,126.71349462053418,7.0,104.79,112.215,,,,
2025-03-12,NVDA,B,no_pullback,SHORT,126.71349462053418,8.0,112.88,116.755,,,,
2025-03-13,NVDA,B,no_pullback,SHORT,126.71349462053418,9.0,113.8,117.755,,,,
2025-03-14,NVDA,B,no_pullback,SHORT,126.71349462053418,10.0,118.185,121.88,,,,
2025-03-17,NVDA,B,window_expired,SHORT,,11.0,,,,,,
2025-04-09,NVDA,B,flip_armed,LONG,85.28916805479801,,,,,,,
2025-04-10,NVDA,B,no_pullback,LONG,85.28916805479801,1.0,103.02,110.86,,,,
2025-04-11,NVDA,B,no_pullback,LONG,88.87342612438638,2.0,107.5,111.48,,,,
2025-04-14,NVDA,B,no_pullback,LONG,91.83508351194774,3.0,109.09,114.29,,,,
2025-04-15,NVDA,B,no_pullback,LONG,93.42307516075297,4.0,110.52,113.61,,,,
2025-04-16,NVDA,B,no_pullback,LONG,93.42307516075297,5.0,100.45,106.78,,,,
2025-04-17,NVDA,B,no_pullback,LONG,93.42307516075297,6.0,100.06,104.455,,,,
2025-04-21,NVDA,B,pullback_gate_fail,LONG,,7.0,,,False,True,38.03629579395818,2.723834315439941
2025-04-22,NVDA,B,no_pullback,LONG,93.42307516075297,8.0,97.285,99.805,,,,
2025-04-23,NVDA,B,no_pullback,LONG,93.42307516075297,9.0,102.02,104.8,,,,
2025-04-24,NVDA,B,no_pullback,LONG,93.42307516075297,10.0,103.13,106.535,,,,
2025-04-25,NVDA,B,window_expired,LONG,,11.0,,,,,,
2025-09-02,NVDA,B,flip_armed,SHORT,182.9905634783221,,,,,,,
2025-09-03,NVDA,B,no_pullback,SHORT,182.9905634783221,1.0,168.88,172.4,,,,
2025-09-04,NVDA,B,no_pullback,SHORT,182.71290641744088,2.0,169.41,171.84,,,,
2025-09-05,NVDA,B,no_pullback,SHORT,179.3178657756968,3.0,164.075,169.01,,,,
2025-09-08,NVDA,B,no_pullback,SHORT,179.3178657756968,4.0,167.59,170.96,,,,
2025-09-09,NVDA,B,no_pullback,SHORT,179.3178657756968,5.0,166.805,170.97,,,,
2025-09-10,NVDA,B,pullback_gate_fail,SHORT,,6.0,,,False,False,54.75122372365252,-6.632208340916527
2025-09-11,NVDA,B,pullback_gate_fail,SHORT,,7.0,,,False,False,54.430610108911374,-5.004879084315306
2025-09-12,NVDA,B,pullback_gate_fail,SHORT,,8.0,,,False,False,55.494185936261246,-4.327470221336476
2025-09-15,NVDA,B,pullback_gate_fail,SHORT,,9.0,,,False,False,55.41680234425385,-4.356919946475543
2025-09-16,NVDA,B,pullback_gate_fail,SHORT,,10.0,,,False,False,50.026556215954294,-3.6024692110533287
2025-09-17,NVDA,B,window_expired,SHORT,,11.0,,,,,,
2025-09-22,NVDA,B,flip_armed,LONG,166.4889584741673,,,,,,,
2025-09-23,NVDA,B,no_pullback,LONG,166.4889584741673,1.0,177.31,182.42,,,,
2025-09-24,NVDA,B,no_pullback,LONG,166.4889584741673,2.0,175.42,179.755,,,,
2025-09-25,NVDA,B,no_pullback,LONG,166.4889584741673,3.0,173.16,180.23,,,,
2025-09-26,NVDA,B,no_pullback,LONG,166.4889584741673,4.0,174.95,178.62,,,,
2025-09-29,NVDA,B,no_pullback,LONG,168.88729303941105,5.0,180.38,183.99,,,,
2025-09-30,NVDA,B,no_pullback,LONG,171.00831373546995,6.0,181.52,187.345,,,,
2025-10-01,NVDA,B,no_pullback,LONG,172.88073236192292,7.0,183.91,188.12,,,,
2025-10-02,NVDA,B,no_pullback,LONG,176.88165912573064,8.0,188.28,191.005,,,,
2025-10-03,NVDA,B,no_pullback,LONG,176.88165912573064,9.0,185.405,190.36,,,,
2025-10-06,NVDA,B,no_pullback,LONG,176.88165912573064,10.0,183.34,187.23,,,,
2025-10-07,NVDA,B,window_expired,LONG,,11.0,,,,,,
2025-10-14,NVDA,B,flip_armed,SHORT,197.7286832632757,,,,,,,
2025-10-15,NVDA,B,no_pullback,SHORT,196.88956493694812,1.0,177.3,184.83,,,,
2025-10-16,NVDA,B,no_pullback,SHORT,196.65210844325333,2.0,179.8,183.28,,,,
2025-10-17,NVDA,B,no_pullback,SHORT,196.629647598928,3.0,179.83,184.095,,,,
2025-10-20,NVDA,B,no_pullback,SHORT,196.629647598928,4.0,181.75,185.195,,,,
2025-10-21,NVDA,B,no_pullback,SHORT,194.69426455513167,5.0,179.8,182.785,,,,
2025-10-22,NVDA,B,no_pullback,SHORT,193.8378380996185,6.0,176.8,183.435,,,,
2025-10-23,NVDA,B,no_pullback,SHORT,193.8378380996185,7.0,179.82,183.03,,,,
2025-10-24,NVDA,B,no_pullback,SHORT,193.8378380996185,8.0,183.51,187.465,,,,
2025-10-27,NVDA,B,pullback_gate_fail,SHORT,,9.0,,,False,False,61.596571413662744,-0.9384490548134927
2025-10-28,NVDA,B,reflip_disarm,SHORT,,10.0,,,,,,
2025-10-28,NVDA,B,flip_armed,LONG,182.65720117284033,,,,,,,
2025-10-29,NVDA,B,no_pullback,LONG,192.30273105555628,1.0,204.79,212.15,,,,
2025-10-30,NVDA,B,no_pullback,LONG,192.30273105555628,2.0,201.425,206.1,,,,
2025-10-31,NVDA,B,no_pullback,LONG,192.30273105555628,3.0,202.08,207.96,,,,
2025-11-03,NVDA,B,no_pullback,LONG,192.38378593950054,4.0,206.345,211.335,,,,
2025-11-04,NVDA,B,pullback_gate_fail,LONG,,5.0,,,True,False,58.63862274222724,-3.613705576931423
2025-11-05,NVDA,B,pullback_gate_fail,LONG,,6.0,,,True,False,54.819894852582266,-4.713177477417851
2025-11-06,NVDA,B,reflip_disarm,LONG,,7.0,,,,,,
2025-11-06,NVDA,B,flip_armed,SHORT,210.4244675501041,,,,,,,
2025-11-07,NVDA,B,no_pullback,SHORT,202.52102079509373,1.0,178.91,188.3,,,,
2025-11-10,NVDA,B,pullback_gate_fail,SHORT,,2.0,,,False,False,57.52743402866606,-4.578710626571173
2025-11-11,NVDA,B,no_pullback,SHORT,202.52102079509373,3.0,191.325,195.385,,,,
2025-11-12,NVDA,B,no_pullback,SHORT,202.52102079509373,4.0,191.13,195.84,,,,
2025-11-13,NVDA,B,no_pullback,SHORT,202.52102079509373,5.0,183.85,191.43,,,,
2025-11-14,NVDA,B,no_pullback,SHORT,202.52102079509373,6.0,180.595,191.0,,,,
2025-11-17,NVDA,B,no_pullback,SHORT,202.52102079509373,7.0,184.325,188.99,,,,
2025-11-18,NVDA,B,no_pullback,SHORT,201.6904632891289,8.0,179.71,184.61,,,,
2025-11-19,NVDA,B,no_pullback,SHORT,201.6904632891289,9.0,182.86,187.84,,,,
2025-11-20,NVDA,B,pullback_gate_fail,SHORT,,10.0,,,True,False,42.97519557129473,-3.082638910368619
2025-11-21,NVDA,B,window_expired,SHORT,,11.0,,,,,,
2025-12-23,NVDA,B,flip_armed,LONG,171.8143176833681,,,,,,,
2025-12-24,NVDA,B,no_pullback,LONG,174.1318859150313,1.0,186.6,188.705,,,,
2025-12-26,NVDA,B,no_pullback,LONG,177.9189473235282,2.0,189.65,192.69,,,,
2025-12-29,NVDA,B,no_pullback,LONG,177.9189473235282,3.0,185.96,188.74,,,,
2025-12-30,NVDA,B,no_pullback,LONG,177.9189473235282,4.0,186.945,188.97,,,,
2025-12-31,NVDA,B,no_pullback,LONG,177.9189473235282,5.0,186.5,190.55,,,,
2026-01-02,NVDA,B,no_pullback,LONG,178.15626433896682,6.0,188.27,192.885,,,,
2026-01-05,NVDA,B,no_pullback,LONG,178.15626433896682,7.0,186.16,193.59,,,,
2026-01-06,NVDA,B,no_pullback,LONG,178.15626433896682,8.0,186.825,192.13,,,,
2026-01-07,NVDA,B,no_pullback,LONG,178.15626433896682,9.0,186.56,191.335,,,,
2026-01-08,NVDA,B,no_pullback,LONG,178.15626433896682,10.0,183.72,189.53,,,,
2026-01-09,NVDA,B,window_expired,LONG,,11.0,,,,,,
2026-01-20,NVDA,B,flip_armed,SHORT,193.24504494467269,,,,,,,
2026-01-21,NVDA,B,no_pullback,SHORT,193.24504494467269,1.0,178.42,185.37,,,,
2026-01-22,NVDA,B,no_pullback,SHORT,193.24504494467269,2.0,183.93,186.16,,,,
2026-01-23,NVDA,B,pullback_gate_fail,SHORT,,3.0,,,False,True,53.95230815703066,0.15406336620468863
2026-01-26,NVDA,B,pullback_gate_fail,SHORT,,4.0,,,False,False,52.15703129320768,-0.6960417768442824
2026-01-27,NVDA,B,pullback_gate_fail,SHORT,,5.0,,,False,True,54.97718073902649,0.12718057178920006
2026-01-28,NVDA,B,pullback_gate_fail,SHORT,,6.0,,,False,True,58.59574976995926,1.895880587633389
2026-01-29,NVDA,B,pullback_gate_fail,SHORT,,7.0,,,False,False,59.737751871735426,-2.412229090458995
2026-01-30,NVDA,B,pullback_gate_fail,SHORT,,8.0,,,False,False,57.349376750875294,-1.1546026852805369
2026-02-02,NVDA,B,pullback_entry,SHORT,193.24504494467269,9.0,184.89,,,,48.88388021200151,0.9152003555080288
2026-02-27,NVDA,B,flip_armed,SHORT,195.88767530371317,,,,,,,
2026-03-02,NVDA,B,no_pullback,SHORT,195.88767530371317,1.0,174.75,183.455,,,,
2026-03-03,NVDA,B,no_pullback,SHORT,195.51729199600763,2.0,176.92,180.885,,,,
2026-03-04,NVDA,B,no_pullback,SHORT,195.51729199600763,3.0,180.07,184.695,,,,
2026-03-05,NVDA,B,no_pullback,SHORT,195.51729199600763,4.0,177.92,184.06,,,,
2026-03-06,NVDA,B,no_pullback,SHORT,195.51729199600763,5.0,176.83,182.75,,,,
2026-03-09,NVDA,B,no_pullback,SHORT,195.5013862785806,6.0,175.56,182.88,,,,
2026-03-10,NVDA,B,no_pullback,SHORT,195.5013862785806,7.0,182.02,186.435,,,,
2026-03-11,NVDA,B,no_pullback,SHORT,195.5013862785806,8.0,184.45,187.6,,,,
2026-03-12,NVDA,B,no_pullback,SHORT,195.5013862785806,9.0,181.75,184.925,,,,
2026-03-13,NVDA,B,no_pullback,SHORT,195.5013862785806,10.0,179.945,186.04,,,,
2026-03-16,NVDA,B,window_expired,SHORT,,11.0,,,,,,
2023-08-29,AAPL,B,flip_armed,LONG,173.7550286698184,,,,,,,
2023-08-30,AAPL,B,no_pullback,LONG,177.75952580283652,1.0,184.76,187.79,,,,
2023-08-31,AAPL,B,no_pullback,LONG,180.2523232225529,2.0,187.515,189.12,,,,
2023-09-01,AAPL,B,no_pullback,LONG,181.3613409002976,3.0,188.32,189.92,,,,
2023-09-05,AAPL,B,no_pullback,LONG,181.3613409002976,4.0,187.64,189.98,,,,
2023-09-06,AAPL,B,pullback_gate_fail,LONG,,5.0,,,False,False,48.853493475128964,-4.38164060862573
2023-09-07,AAPL,B,reflip_disarm,LONG,,6.0,,,,,,
2023-09-07,AAPL,B,flip_armed,SHORT,186.20091248368306,,,,,,,
2023-09-08,AAPL,B,no_pullback,SHORT,186.20091248368306,1.0,177.82,180.205,,,,
2023-09-11,AAPL,B,no_pullback,SHORT,186.20091248368306,2.0,177.345,180.3,,,,
2023-09-12,AAPL,B,no_pullback,SHORT,186.20091248368306,3.0,174.85,180.1,,,,
2023-09-13,AAPL,B,no_pullback,SHORT,185.46282343054446,4.0,173.98,177.25,,,,
2023-09-14,AAPL,B,no_pullback,SHORT,184.33054108749002,5.0,173.6,176.09,,,,
2023-09-15,AAPL,B,no_pullback,SHORT,184.33054108749002,6.0,173.825,176.48,,,,
2023-09-18,AAPL,B,pullback_gate_fail,SHORT,,7.0,,,True,False,45.673448848623515,-3.9324229777463273
2023-09-19,AAPL,B,pullback_gate_fail,SHORT,,8.0,,,True,False,47.660413204353375,-3.6857308750190647
2023-09-20,AAPL,B,pullback_gate_fail,SHORT,,9.0,,,True,False,42.16057567012236,-1.3306026344461266
2023-09-21,AAPL,B,no_pullback,SHORT,183.986008531752,10.0,173.86,176.3,,,,
2023-09-22,AAPL,B,window_expired,SHORT,,11.0,,,,,,
2023-10-09,AAPL,B,flip_armed,LONG,168.71271149075693,,,,,,,
2023-10-10,AAPL,B,no_pullback,LONG,170.54519034168123,1.0,177.96,179.71,,,,
2023-10-11,AAPL,B,no_pullback,LONG,170.71667130751314,2.0,177.62,179.85,,,,
2023-10-12,AAPL,B,no_pullback,LONG,172.6522541767618,3.0,179.045,182.34,,,,
2023-10-13,AAPL,B,no_pullback,LONG,172.6522541767618,4.0,178.17,181.925,,,,
2023-10-16,AAPL,B,pullback_gate_fail,LONG,,5.0,,,True,False,53.32206241260383,-3.131033324797521
2023-10-17,AAPL,B,pullback_gate_fail,LONG,,6.0,,,False,False,49.57342219081029,-2.9911617957168843
2023-10-18,AAPL,B,pullback_gate_fail,LONG,,7.0,,,False,False,46.509503168288916,-2.5638529677573274
2023-10-19,AAPL,B,pullback_gate_fail,LONG,,8.0,,,False,False,45.759431387748194,-2.7100644007089194
2023-10-20,AAPL,B,pullback_gate_fail,LONG,,9.0,,,False,True,40.251513772098654,1.5771071031623833
2023-10-23,AAPL,B,pullback_gate_fail,LONG,,10.0,,,False,True,40.54791856087013,3.8947222370821954
2023-10-24,AAPL,B,window_expired,LONG,,11.0,,,,,,
2023-10-25,AAPL,B,flip_armed,SHORT,179.48449690128166,,,,,,,
2023-10-26,AAPL,B,no_pullback,SHORT,176.79454721115349,1.0,165.71,171.34,,,,
2023-10-27,AAPL,B,no_pullback,SHORT,175.89009249003809,2.0,166.855,168.95,,,,
2023-10-30,AAPL,B,pullback_gate_fail,SHORT,,3.0,,,True,False,40.33474671070735,-0.7765145402968727
2023-10-31,AAPL,B,pullback_entry,SHORT,175.89009249003809,4.0,167.94,,,,41.555732111401824,0.1351952386610975
2024-01-02,AAPL,B,flip_armed,SHORT,193.78094938647462,,,,,,,
2024-01-03,AAPL,B,no_pullback,SHORT,192.14985444782715,1.0,183.44,185.86,,,,
2024-01-04,AAPL,B,no_pullback,SHORT,189.56611900304443,2.0,180.885,183.07,,,,
2024-01-05,AAPL,B,no_pullback,SHORT,188.92975710274,3.0,180.18,182.74,,,,
2024-01-08,AAPL,B,pullback_gate_fail,SHORT,,4.0,,,True,False,41.35006044049152,-1.1576665727938291
2024-01-09,AAPL,B,pullback_gate_fail,SHORT,,5.0,,,True,False,40.53760839170341,-0.9922856338232862
2024-01-10,AAPL,B,pullback_gate_fail,SHORT,,6.0,,,True,False,43.273778185108256,-3.0355090094936017
2024-01-11,AAPL,B,pullback_gate_fail,SHORT,,7.0,,,True,False,42.28536267078061,-3.6588072883982647
2024-01-12,AAPL,B,pullback_gate_fail,SHORT,,8.0,,,True,False,42.84769514332215,-3.1361205329127984
2024-01-16,AAPL,B,pullback_entry,SHORT,188.92975710274,9.0,180.945,,,,38.30582101627235,1.6281642145205453
2024-01-19,AAPL,B,flip_armed,LONG,181.7911606369202,,,,,,,
2024-01-22,AAPL,B,no_pullback,LONG,185.1352945732282,1.0,192.32,195.325,,,,
2024-01-23,AAPL,B,no_pullback,LONG,186.4852651159054,2.0,193.835,195.71,,,,
2024-01-24,AAPL,B,no_pullback,LONG,187.39648860431487,3.0,194.35,196.37,,,,
2024-01-25,AAPL,B,no_pullback,LONG,187.39648860431487,4.0,193.135,196.26,,,,
2024-01-26,AAPL,B,pullback_gate_fail,LONG,,5.0,,,True,False,55.55495599220036,-2.4716974578518176
2024-01-29,AAPL,B,pullback_gate_fail,LONG,,6.0,,,True,False,54.061107513522224,-4.355802089907176
2024-01-30,AAPL,B,pullback_gate_fail,LONG,,7.0,,,False,False,45.80635970462268,-1.4668685229243046
2024-01-31,AAPL,B,reflip_disarm,LONG,,8.0,,,,,,
2024-01-31,AAPL,B,flip_armed,SHORT,193.8753894690381,,,,,,,
2024-02-01,AAPL,B,no_pullback,SHORT,193.4703505221343,1.0,183.84,186.9,,,,
2024-02-02,AAPL,B,pullback_entry,SHORT,192.6003154699209,2.0,179.25,,,,43.317606252928904,3.8115934167582495
2024-03-20,AAPL,B,flip_armed,LONG,168.30728745268888,,,,,,,
2024-03-21,AAPL,B,pullback_gate_fail,LONG,,1.0,,,False,False,39.21690780755423,-3.123871823560357
2024-03-22,AAPL,B,pullback_gate_fail,LONG,,2.0,,,False,False,41.16965474804494,-1.9271199761949909
2024-03-25,AAPL,B,pullback_gate_fail,LONG,,3.0,,,False,False,39.073518722625096,-1.029786839510404
2024-03-26,AAPL,B,pullback_gate_fail,LONG,,4.0,,,False,False,37.58035075922479,-0.882674433866061
2024-03-27,AAPL,B,pullback_gate_fail,LONG,,5.0,,,False,False,45.370429522113675,-2.8375229783207025
2024-03-28,AAPL,B,pullback_gate_fail,LONG,,6.0,,,False,False,42.34035809260786,-2.432162552846311
2024-04-01,AAPL,B,pullback_gate_fail,LONG,,7.0,,,False,False,39.94249595959949,-1.7057803996284555
2024-04-02,AAPL,B,pullback_gate_fail,LONG,,8.0,,,False,True,38.36243741991465,0.3029150673355119
2024-04-03,AAPL,B,pullback_gate_fail,LONG,,9.0,,,False,False,40.34188439221278,-2.2245673617407196
2024-04-04,AAPL,B,pullback_gate_fail,LONG,,10.0,,,False,False,38.880992449119695,-0.5532882640505736
2024-04-05,AAPL,B,window_expired,LONG,,11.0,,,,,,
2024-04-10,AAPL,B,flip_armed,SHORT,174.6515333527369,,,,,,,
2024-04-11,AAPL,B,reflip_disarm,SHORT,,1.0,,,,,,
2024-04-11,AAPL,B,flip_armed,LONG,163.9833699825368,,,,,,,
2024-04-12,AAPL,B,no_pullback,LONG,168.2070329842831,1.0,174.23,178.35,,,,
2024-04-15,AAPL,B,pullback_gate_fail,LONG,,2.0,,,False,True,49.4764199079992,2.228036103527568
2024-04-16,AAPL,B,pullback_gate_fail,LONG,,3.0,,,False,False,44.0891728963591,-3.3690975907310587
2024-04-17,AAPL,B,reflip_disarm,LONG,,4.0,,,,,,
2024-04-17,AAPL,B,flip_armed,SHORT,177.9302579544576,,,,,,,
2024-04-18,AAPL,B,no_pullback,SHORT,175.86123215901185,1.0,166.57,168.62,,,,
2024-04-19,AAPL,B,no_pullback,SHORT,173.40710894311067,2.0,164.08,166.38,,,,
2024-04-22,AAPL,B,no_pullback,SHORT,173.40710894311067,3.0,164.78,167.25,,,,
2024-04-23,AAPL,B,no_pullback,SHORT,173.40710894311067,4.0,165.03,167.05,,,,
2024-04-24,AAPL,B,pullback_gate_fail,SHORT,,5.0,,,True,False,46.79260103291896,-2.073349062104114
2024-04-25,AAPL,B,pullback_gate_fail,SHORT,,6.0,,,True,False,48.555605240758176,-0.20076166171897825
2024-04-26,AAPL,B,pullback_entry,SHORT,173.40710894311067,7.0,169.19,,,,47.09841110353173,0.6774185325056017
2024-07-24,AAPL,B,flip_armed,SHORT,234.5168087127455,,,,,,,
2024-07-25,AAPL,B,no_pullback,SHORT,231.464127841471,1.0,214.64,220.81,,,,
2024-07-26,AAPL,B,no_pullback,SHORT,230.98521505732387,2.0,216.04,219.48,,,,
2024-07-29,AAPL,B,no_pullback,SHORT,230.3101935515915,3.0,215.79,219.28,,,,
2024-07-30,AAPL,B,no_pullback,SHORT,230.3101935515915,4.0,216.12,220.27,,,,
2024-07-31,AAPL,B,pullback_gate_fail,SHORT,,5.0,,,False,False,54.45340273879359,-5.044975568906736
2024-08-01,AAPL,B,pullback_gate_fail,SHORT,,6.0,,,True,False,48.719501553719525,-0.9586530491095004
2024-08-02,AAPL,B,pullback_gate_fail,SHORT,,7.0,,,False,False,50.69982273640523,-2.2280223295172483
2024-08-05,AAPL,B,no_pullback,SHORT,223.08419529027927,8.0,196.0,213.45,,,,
2024-08-06,AAPL,B,no_pullback,SHORT,223.08419529027927,9.0,201.1,209.98,,,,
2024-08-07,AAPL,B,no_pullback,SHORT,223.08419529027927,10.0,206.45,213.625,,,,
2024-08-08,AAPL,B,window_expired,SHORT,,11.0,,,,,,
2024-08-15,AAPL,B,flip_armed,LONG,209.35435273879833,,,,,,,
2024-08-16,AAPL,B,no_pullback,LONG,211.2039174649185,1.0,223.67,226.8,,,,
2024-08-19,AAPL,B,no_pullback,LONG,211.2039174649185,2.0,223.07,225.93,,,,
2024-08-20,AAPL,B,no_pullback,LONG,213.88957314658396,3.0,225.515,227.165,,,,
2024-08-21,AAPL,B,no_pullback,LONG,214.7171158319256,4.0,225.24,227.97,,,,
2024-08-22,AAPL,B,no_pullback,LONG,214.7171158319256,5.0,223.91,228.32,,,,
2024-08-23,AAPL,B,no_pullback,LONG,214.7171158319256,6.0,224.36,228.22,,,,
2024-08-26,AAPL,B,no_pullback,LONG,214.7171158319256,7.0,223.93,227.27,,,,
2024-08-27,AAPL,B,no_pullback,LONG,215.77223669732638,8.0,224.93,228.845,,,,
2024-08-28,AAPL,B,no_pullback,LONG,216.76376302759377,9.0,225.74,229.85,,,,
2024-08-29,AAPL,B,no_pullback,LONG,219.34563672483435,10.0,228.89,232.92,,,,
2024-08-30,AAPL,B,window_expired,LONG,,11.0,,,,,,
2024-09-16,AAPL,B,flip_armed,SHORT,227.73987603390756,,,,,,,
2024-09-17,AAPL,B,no_pullback,SHORT,227.2491384305168,1.0,214.5,216.895,,,,
2024-09-18,AAPL,B,pullback_gate_fail,SHORT,,2.0,,,True,False,48.498110410784946,-3.4413370739263236
2024-09-19,AAPL,B,reflip_disarm,SHORT,,3.0,,,,,,
2024-09-19,AAPL,B,flip_armed,LONG,214.32392287128138,,,,,,,
2024-09-20,AAPL,B,no_pullback,LONG,217.42003058415324,1.0,227.68,233.075,,,,
2024-09-23,AAPL,B,no_pullback,LONG,217.42003058415324,2.0,225.85,229.44,,,,
2024-09-24,AAPL,B,no_pullback,LONG,217.42003058415324,3.0,225.75,229.34,,,,
2024-09-25,AAPL,B,no_pullback,LONG,217.42003058415324,4.0,224.02,227.26,,,,
2024-09-26,AAPL,B,no_pullback,LONG,217.42003058415324,5.0,225.515,228.45,,,,
2024-09-27,AAPL,B,no_pullback,LONG,217.59739163463667,6.0,227.3,229.495,,,,
2024-09-30,AAPL,B,no_pullback,LONG,220.302402471173,7.0,229.68,233.0,,,,
2024-10-01,AAPL,B,pullback_gate_fail,LONG,,8.0,,,True,False,52.23134495180017,-3.695399167566535
2024-10-02,AAPL,B,pullback_gate_fail,LONG,,9.0,,,True,False,53.05341291572387,-2.599965907831212
2024-10-03,AAPL,B,pullback_gate_fail,LONG,,10.0,,,True,False,51.0925623785471,-2.228542206712465
2024-10-04,AAPL,B,window_expired,LONG,,11.0,,,,,,
2024-11-01,AAPL,B,flip_armed,SHORT,233.11010429280455,,,,,,,
2024-11-04,AAPL,B,no_pullback,SHORT,231.2895938635241,1.0,219.73,222.78,,,,
2024-11-05,AAPL,B,no_pullback,SHORT,231.2895938635241,2.0,221.81,223.945,,,,
2024-11-06,AAPL,B,pullback_gate_fail,SHORT,,3.0,,,True,False,40.03873359752228,-1.4145684794118871
2024-11-07,AAPL,B,pullback_gate_fail,SHORT,,4.0,,,True,False,49.1998227505742,-3.344997929540277
2024-11-08,AAPL,B,pullback_gate_fail,SHORT,,5.0,,,True,False,48.791340174440066,-3.7167137431399446
2024-11-11,AAPL,B,pullback_entry,SHORT,231.2895938635241,6.0,221.5,,,,44.12174457280142,1.058995053548358
2025-01-02,AAPL,B,flip_armed,SHORT,257.02922373741535,,,,,,,
2025-01-03,AAPL,B,no_pullback,SHORT,254.03105136367378,1.0,241.89,244.165,,,,
2025-01-06,AAPL,B,pullback_gate_fail,SHORT,,2.0,,,True,False,48.24762888346463,-4.009332875584391
2025-01-07,AAPL,B,no_pullback,SHORT,254.03105136367378,3.0,241.38,245.53,,,,
2025-01-08,AAPL,B,no_pullback,SHORT,252.5416389441182,4.0,240.16,243.67,,,,
2025-01-10,AAPL,B,no_pullback,SHORT,248.53772504970638,5.0,233.005,240.13,,,,
2025-01-13,AAPL,B,no_pullback,SHORT,244.72820254473575,6.0,229.72,234.67,,,,
2025-01-14,AAPL,B,no_pullback,SHORT,244.72820254473575,7.0,232.48,236.1,,,,
2025-01-15,AAPL,B,pullback_gate_fail,SHORT,,8.0,,,True,False,42.00712838582096,-1.834679940684559
2025-01-16,AAPL,B,pullback_entry,SHORT,244.72820254473575,9.0,228.04,,,,32.58398332345995,1.1102056004841643
2025-03-11,AAPL,B,flip_armed,SHORT,240.05186825265042,,,,,,,
2025-03-12,AAPL,B,no_pullback,SHORT,236.58943142738536,1.0,214.93,221.73,,,,
2025-03-13,AAPL,B,no_pullback,SHORT,231.17848828464685,2.0,208.445,216.795,,,,
2025-03-14,AAPL,B,no_pullback,SHORT,229.50138945618218,3.0,209.585,213.87,,,,
2025-03-17,AAPL,B,no_pullback,SHORT,229.50138945618218,4.0,209.98,215.18,,,,
2025-03-18,AAPL,B,no_pullback,SHORT,229.50138945618218,5.0,211.5,215.13,,,,
2025-03-19,AAPL,B,no_pullback,SHORT,229.50138945618218,6.0,213.75,218.68,,,,
2025-03-20,AAPL,B,no_pullback,SHORT,229.50138945618218,7.0,212.22,217.44,,,,
2025-03-21,AAPL,B,no_pullback,SHORT,229.50138945618218,8.0,211.55,218.84,,,,
2025-03-24,AAPL,B,no_pullback,SHORT,229.50138945618218,9.0,218.68,221.03,,,,
2025-03-25,AAPL,B,pullback_gate_fail,SHORT,,10.0,,,True,False,46.79584162078917,-4.631823170057359
2025-03-26,AAPL,B,window_expired,SHORT,,11.0,,,,,,
2025-04-24,AAPL,B,flip_armed,LONG,181.5388937779165,,,,,,,
2025-04-25,AAPL,B,no_pullback,LONG,185.27825440012487,1.0,206.44,209.43,,,,
2025-04-28,AAPL,B,no_pullback,LONG,188.08892896011238,2.0,207.48,211.48,,,,
2025-04-29,AAPL,B,no_pullback,LONG,190.06803606410114,3.0,208.39,212.11,,,,
2025-04-30,AAPL,B,no_pullback,LONG,190.22373245769103,4.0,206.68,213.51,,,,
2025-05-01,AAPL,B,no_pullback,LONG,192.47960921192194,5.0,208.98,214.515,,,,
2025-05-02,AAPL,B,no_pullback,LONG,192.47960921192194,6.0,202.19,206.99,,,,
2025-05-05,AAPL,B,pullback_gate_fail,LONG,,7.0,,,False,True,43.27034869331741,0.7849050205267645
2025-05-06,AAPL,B,pullback_gate_fail,LONG,,8.0,,,False,True,42.97687196988565,1.0801136136756142
2025-05-07,AAPL,B,pullback_gate_fail,LONG,,9.0,,,False,True,41.3783183278238,2.7114461762759774
2025-05-08,AAPL,B,pullback_gate_fail,LONG,,10.0,,,False,True,42.63456268853914,1.6893954935129791
2025-05-09,AAPL,B,window_expired,LONG,,11.0,,,,,,
2025-05-23,AAPL,B,flip_armed,SHORT,210.09312224058462,,,,,,,
2025-05-27,AAPL,B,no_pullback,SHORT,210.09312224058462,1.0,197.435,200.725,,,,
2025-05-28,AAPL,B,no_pullback,SHORT,210.09312224058462,2.0,199.9,202.72,,,,
2025-05-29,AAPL,B,no_pullback,SHORT,210.09312224058462,3.0,198.56,203.72,,,,
2025-05-30,AAPL,B,no_pullback,SHORT,210.09312224058462,4.0,196.82,201.95,,,,
2025-06-02,AAPL,B,no_pullback,SHORT,210.09312224058462,5.0,200.13,202.08,,,,
2025-06-03,AAPL,B,no_pullback,SHORT,210.09312224058462,6.0,200.955,203.76,,,,
2025-06-04,AAPL,B,pullback_gate_fail,SHORT,,7.0,,,True,False,48.47076291237993,-3.4636545835266332
2025-06-05,AAPL,B,pullback_gate_fail,SHORT,,8.0,,,True,False,45.52522111925474,-1.7554348900831762
2025-06-06,AAPL,B,pullback_gate_fail,SHORT,,9.0,,,False,False,50.470277998246466,-2.577682697639524
2025-06-09,AAPL,B,pullback_gate_fail,SHORT,,10.0,,,True,False,46.924858792544875,-0.183761028144815
2025-06-10,AAPL,B,window_expired,SHORT,,11.0,,,,,,
2025-07-01,AAPL,B,flip_armed,LONG,197.42946705143743,,,,,,,
2025-07-02,AAPL,B,no_pullback,LONG,199.6742703462937,1.0,208.15,213.32,,,,
2025-07-03,AAPL,B,no_pullback,LONG,202.57034331166432,2.0,211.825,214.625,,,,
2025-07-07,AAPL,B,no_pullback,LONG,202.57034331166432,3.0,208.835,216.2,,,,
2025-07-08,AAPL,B,pullback_gate_fail,LONG,,4.0,,,True,False,60.36783329983814,-1.1386084278130397
2025-07-09,AAPL,B,pullback_gate_fail,LONG,,5.0,,,True,False,61.792152496116884,-2.8792602874915687
2025-07-10,AAPL,B,no_pullback,LONG,202.57034331166432,6.0,210.24,213.475,,,,
2025-07-11,AAPL,B,no_pullback,LONG,202.57034331166432,7.0,209.87,212.12,,,,
2025-07-14,AAPL,B,pullback_gate_fail,LONG,,8.0,,,True,False,55.191767647466804,-4.367211447950023
2025-07-15,AAPL,B,no_pullback,LONG,202.57034331166432,9.0,208.965,211.89,,,,
2025-07-16,AAPL,B,no_pullback,LONG,202.57034331166432,10.0,208.66,212.375,,,,
2025-07-17,AAPL,B,window_expired,LONG,,11.0,,,,,,
2025-08-01,AAPL,B,flip_armed,SHORT,217.78923390818696,,,,,,,
2025-08-04,AAPL,B,no_pullback,SHORT,215.54081051736824,1.0,201.68,207.85,,,,
2025-08-05,AAPL,B,no_pullback,SHORT,214.22947946563144,2.0,202.165,205.32,,,,
2025-08-06,AAPL,B,pullback_gate_fail,SHORT,,3.0,,,False,False,58.31433535056196,-2.7671638445388
2025-08-07,AAPL,B,reflip_disarm,SHORT,,4.0,,,,,,
2025-08-07,AAPL,B,flip_armed,LONG,205.54304663283855,,,,,,,
2025-08-08,AAPL,B,no_pullback,LONG,210.3542419695547,1.0,219.3,230.99,,,,
2025-08-11,AAPL,B,no_pullback,LONG,212.65581777259922,2.0,224.78,229.53,,,,
2025-08-12,AAPL,B,no_pullback,LONG,215.0119859953393,3.0,227.155,230.78,,,,
2025-08-13,AAPL,B,no_pullback,LONG,218.80253739580536,4.0,230.455,234.91,,,,
2025-08-14,AAPL,B,no_pullback,LONG,219.44303365622483,5.0,230.88,235.1,,,,
2025-08-15,AAPL,B,no_pullback,LONG,219.44303365622483,6.0,229.37,234.19,,,,
2025-08-18,AAPL,B,no_pullback,LONG,219.44303365622483,7.0,230.11,233.12,,,,
2025-08-19,AAPL,B,no_pullback,LONG,219.44303365622483,8.0,229.35,232.855,,,,
2025-08-20,AAPL,B,pullback_gate_fail,LONG,,9.0,,,True,False,59.93311381430496,-5.678514060657555
2025-08-21,AAPL,B,pullback_gate_fail,LONG,,10.0,,,True,False,58.03621248242689,-6.982055853962649
2025-08-22,AAPL,B,window_expired,LONG,,11.0,,,,,,
2025-09-10,AAPL,B,flip_armed,SHORT,241.0907286555943,,,,,,,
2025-09-11,AAPL,B,no_pullback,SHORT,240.28740579003485,1.0,226.66,230.45,,,,
2025-09-12,AAPL,B,pullback_gate_fail,SHORT,,2.0,,,False,False,57.145163641096886,-3.289575225815309
2025-09-15,AAPL,B,pullback_gate_fail,SHORT,,3.0,,,False,False,60.045945212685666,-1.5922708870326545
2025-09-16,AAPL,B,pullback_gate_fail,SHORT,,4.0,,,False,True,61.49351877304834,0.38992422839212537
2025-09-17,AAPL,B,pullback_gate_fail,SHORT,,5.0,,,False,True,62.37744859728014,0.33422076719325133
2025-09-18,AAPL,B,pullback_gate_fail,SHORT,,6.0,,,False,True,60.404210279649334,0.984055358338189
2025-09-19,AAPL,B,reflip_disarm,SHORT,,7.0,,,,,,
2025-09-19,AAPL,B,flip_armed,LONG,231.0705447095381,,,,,,,
2025-09-22,AAPL,B,no_pullback,LONG,238.61049023858425,1.0,248.16,256.63,,,,
2025-09-23,AAPL,B,no_pullback,LONG,242.12269121472588,2.0,253.61,257.285,,,,
2025-09-24,AAPL,B,no_pullback,LONG,242.12269121472588,3.0,251.04,255.68,,,,
2025-09-25,AAPL,B,no_pullback,LONG,242.12269121472588,4.0,251.72,257.17,,,,
2025-09-26,AAPL,B,no_pullback,LONG,242.7828643955351,5.0,253.79,257.28,,,,
2025-09-29,AAPL,B,no_pullback,LONG,242.7828643955351,6.0,253.02,254.82,,,,
2025-09-30,AAPL,B,no_pullback,LONG,242.95027016038344,7.0,253.13,255.915,,,,
2025-10-01,AAPL,B,no_pullback,LONG,245.40749314434512,8.0,254.975,258.78,,,,
2025-10-02,AAPL,B,no_pullback,LONG,245.40749314434512,9.0,254.16,258.17,,,,
2025-10-03,AAPL,B,no_pullback,LONG,245.40749314434512,10.0,253.96,259.22,,,,
2025-10-06,AAPL,B,window_expired,LONG,,11.0,,,,,,
2025-10-10,AAPL,B,flip_armed,SHORT,262.8191174245385,,,,,,,
2025-10-13,AAPL,B,no_pullback,SHORT,259.8069556820846,1.0,245.6,249.67,,,,
2025-10-14,AAPL,B,no_pullback,SHORT,258.7697601138762,2.0,244.77,248.83,,,,
2025-10-15,AAPL,B,pullback_gate_fail,SHORT,,3.0,,,False,False,52.89002132685288,-4.321125601777766
2025-10-16,AAPL,B,no_pullback,SHORT,258.7697601138762,4.0,245.16,248.99,,,,
2025-10-17,AAPL,B,pullback_gate_fail,SHORT,,5.0,,,False,False,56.523313883947424,-4.67012812320327
2025-10-20,AAPL,B,reflip_disarm,SHORT,,6.0,,,,,,
2025-10-20,AAPL,B,flip_armed,LONG,246.13161913928582,,,,,,,
2025-10-21,AAPL,B,no_pullback,LONG,250.34995722535723,1.0,262.025,265.26,,,,
2025-10-22,AAPL,B,pullback_gate_fail,LONG,,2.0,,,True,False,59.92781890428332,-3.7121731577561334
2025-10-23,AAPL,B,no_pullback,LONG,250.34995722535723,3.0,258.02,260.59,,,,
2025-10-24,AAPL,B,no_pullback,LONG,250.34995722535723,4.0,259.2,264.12,,,,
2025-10-27,AAPL,B,no_pullback,LONG,253.6040664355569,5.0,264.68,269.04,,,,
2025-10-28,AAPL,B,no_pullback,LONG,256.65215979200116,6.0,268.16,269.85,,,,
2025-10-29,AAPL,B,no_pullback,LONG,257.06244381280106,7.0,267.11,271.39,,,,
2025-10-30,AAPL,B,no_pullback,LONG,258.93619943152095,8.0,268.5,274.12,,,,
2025-10-31,AAPL,B,no_pullback,LONG,260.07357948836886,9.0,269.19,277.27,,,,
2025-11-03,AAPL,B,pullback_gate_fail,LONG,,10.0,,,True,False,66.535840814345,-0.36439339766838685
2025-11-04,AAPL,B,window_expired,LONG,,11.0,,,,,,
2025-12-17,AAPL,B,flip_armed,SHORT,285.6323674317658,,,,,,,
2025-12-18,AAPL,B,no_pullback,SHORT,282.4791306885892,1.0,266.97,273.615,,,,
2025-12-19,AAPL,B,no_pullback,SHORT,282.4791306885892,2.0,269.91,273.905,,,,
2025-12-22,AAPL,B,no_pullback,SHORT,282.4791306885892,3.0,270.51,273.815,,,,
2025-12-23,AAPL,B,no_pullback,SHORT,282.1766662719815,4.0,269.61,272.435,,,,
2025-12-24,AAPL,B,pullback_gate_fail,SHORT,,5.0,,,False,False,50.12831061866442,-3.4673257581712207
2025-12-26,AAPL,B,pullback_gate_fail,SHORT,,6.0,,,True,False,49.096336386320424,-2.9719935070039014
2025-12-29,AAPL,B,pullback_gate_fail,SHORT,,7.0,,,True,False,49.966342953253246,-1.8583496058345759
2025-12-30,AAPL,B,pullback_gate_fail,SHORT,,8.0,,,True,False,48.32096563292777,-1.4704545659469588
2025-12-31,AAPL,B,pullback_gate_fail,SHORT,,9.0,,,True,False,46.079585530380655,-0.5149414709914097
2026-01-02,AAPL,B,pullback_gate_fail,SHORT,,10.0,,,True,False,43.86670761663989,-1.4930764045562377
2026-01-05,AAPL,B,window_expired,SHORT,,11.0,,,,,,
2026-02-02,AAPL,B,flip_armed,LONG,249.15453974978547,,,,,,,
2026-02-03,AAPL,B,no_pullback,LONG,254.59958577480697,1.0,267.72,271.85,,,,
2026-02-04,AAPL,B,no_pullback,LONG,259.5931271973262,2.0,272.32,278.94,,,,
2026-02-05,AAPL,B,no_pullback,LONG,260.4118144775936,3.0,273.31,279.45,,,,
2026-02-06,AAPL,B,no_pullback,LONG,263.3011330298342,4.0,276.94,280.88,,,,
2026-02-09,AAPL,B,no_pullback,LONG,263.3011330298342,5.0,271.71,278.02,,,,
2026-02-10,AAPL,B,no_pullback,LONG,263.3011330298342,6.0,272.96,275.36,,,,
2026-02-11,AAPL,B,no_pullback,LONG,263.3011330298342,7.0,274.475,280.14,,,,
2026-02-12,AAPL,B,reflip_disarm,LONG,,8.0,,,,,,
2026-02-12,AAPL,B,flip_armed,SHORT,285.15325261912574,,,,,,,
2026-02-13,AAPL,B,no_pullback,SHORT,275.99242735721316,1.0,255.48,262.15,,,,
2026-02-17,AAPL,B,no_pullback,SHORT,275.99242735721316,2.0,255.55,266.25,,,,
2026-02-18,AAPL,B,no_pullback,SHORT,275.99242735721316,3.0,262.5,266.81,,,,
2026-02-19,AAPL,B,no_pullback,SHORT,275.99242735721316,4.0,260.06,264.435,,,,
2026-02-20,AAPL,B,no_pullback,SHORT,275.99242735721316,5.0,258.21,264.75,,,,
2026-02-23,AAPL,B,pullback_gate_fail,SHORT,,6.0,,,False,False,51.45389572264311,-3.4276548325594867
2026-02-24,AAPL,B,pullback_gate_fail,SHORT,,7.0,,,False,False,56.87896618397741,-1.0099305599038821
2026-02-25,AAPL,B,pullback_gate_fail,SHORT,,8.0,,,False,False,58.57519267548727,-0.8234472741113876
2026-02-26,AAPL,B,pullback_gate_fail,SHORT,,9.0,,,False,False,57.14963566622871,-0.08237480784701035
2026-02-27,AAPL,B,pullback_gate_fail,SHORT,,10.0,,,True,False,47.55469271769259,-1.0587856447304098
2026-03-02,AAPL,B,window_expired,SHORT,,11.0,,,,,,
2023-09-05,MSFT,B,flip_armed,LONG,316.88852093999134,,,,,,,
2023-09-06,MSFT,B,no_pullback,LONG,317.8999188459922,1.0,330.265,334.45,,,,
2023-09-07,MSFT,B,no_pullback,LONG,317.8999188459922,2.0,329.055,333.015,,,,
2023-09-08,MSFT,B,no_pullback,LONG,318.5621092652537,3.0,329.51,336.125,,,,
2023-09-11,MSFT,B,no_pullback,LONG,323.09889833872836,4.0,335.45,338.355,,,,
2023-09-12,MSFT,B,pullback_gate_fail,LONG,,5.0,,,True,False,52.96648846496935,-3.269289089630078
2023-09-13,MSFT,B,pullback_gate_fail,LONG,,6.0,,,True,False,57.28835781632905,-2.609827478474564
2023-09-14,MSFT,B,no_pullback,LONG,324.94024938893295,7.0,336.61,340.85,,,,
2023-09-15,MSFT,B,pullback_gate_fail,LONG,,8.0,,,False,False,49.68109360465336,-5.028095270825247
2023-09-18,MSFT,B,pullback_gate_fail,LONG,,9.0,,,False,False,48.46101464429462,-2.0734403034587814
2023-09-19,MSFT,B,pullback_gate_fail,LONG,,10.0,,,False,False,48.06576445125527,-0.7230546503363939
2023-09-20,MSFT,B,reflip_disarm,LONG,,11.0,,,,,,
2023-09-20,MSFT,B,flip_armed,SHORT,339.8660991259211,,,,,,,
2023-09-21,MSFT,B,no_pullback,SHORT,336.58648921332895,1.0,317.03,325.32,,,,
2023-09-22,MSFT,B,no_pullback,SHORT,333.9128402919961,2.0,316.18,321.33,,,,
2023-09-25,MSFT,B,no_pullback,SHORT,330.63955626279653,3.0,315.01,317.66,,,,
2023-09-26,MSFT,B,no_pullback,SHORT,327.6716006365168,4.0,310.08,315.75,,,,
2023-09-27,MSFT,B,no_pullback,SHORT,326.3946905728651,5.0,309.705,314.25,,,,
2023-09-28,MSFT,B,no_pullback,SHORT,326.3946905728651,6.0,309.56,315.48,,,,
2023-09-29,MSFT,B,pullback_gate_fail,SHORT,,7.0,,,True,False,39.338245321238794,-4.020588183099143
2023-10-02,MSFT,B,pullback_gate_fail,SHORT,,8.0,,,True,False,47.730662420239135,-5.803177029641702
2023-10-03,MSFT,B,pullback_gate_fail,SHORT,,9.0,,,True,False,39.63327164661136,-2.085937990740881
2023-10-04,MSFT,B,pullback_gate_fail,SHORT,,10.0,,,True,False,46.02887514260812,-1.7879468492064703
2023-10-05,MSFT,B,window_expired,SHORT,,11.0,,,,,,
2023-10-06,MSFT,B,flip_armed,LONG,305.8694577122894,,,,,,,
2023-10-09,MSFT,B,no_pullback,LONG,309.7082619410604,1.0,323.34,330.285,,,,
2023-10-10,MSFT,B,no_pullback,LONG,313.1536857469544,2.0,327.72,331.03,,,,
2023-10-11,MSFT,B,no_pullback,LONG,315.34081717225894,3.0,329.21,332.8,,,,
2023-10-12,MSFT,B,no_pullback,LONG,315.8534854550331,4.0,328.73,333.615,,,,
2023-10-13,MSFT,B,no_pullback,LONG,315.8534854550331,5.0,326.365,333.75,,,,
2023-10-16,MSFT,B,no_pullback,LONG,317.2249732185768,6.0,330.7,335.98,,,,
2023-10-17,MSFT,B,no_pullback,LONG,317.2249732185768,7.0,327.45,333.4,,,,
2023-10-18,MSFT,B,no_pullback,LONG,317.2249732185768,8.0,328.35,335.525,,,,
2023-10-19,MSFT,B,no_pullback,LONG,317.6616454763425,9.0,330.94,336.875,,,,
2023-10-20,MSFT,B,pullback_gate_fail,LONG,,10.0,,,True,False,50.009476942334985,-2.662662008167036
2023-10-23,MSFT,B,window_expired,LONG,,11.0,,,,,,
2024-04-18,MSFT,B,flip_armed,SHORT,426.0503003113558,,,,,,,
2024-04-19,MSFT,B,no_pullback,SHORT,419.6247702802202,1.0,397.795,405.16,,,,
2024-04-22,MSFT,B,no_pullback,SHORT,417.4100432521982,2.0,395.85,402.82,,,,
2024-04-23,MSFT,B,pullback_gate_fail,SHORT,,3.0,,,True,False,42.91286416321965,-0.6630089911469241
2024-04-24,MSFT,B,pullback_gate_fail,SHORT,,4.0,,,True,False,45.11781735078125,-3.5196219410330976
2024-04-25,MSFT,B,no_pullback,SHORT,415.12123153085247,5.0,388.03,399.85,,,,
2024-04-26,MSFT,B,pullback_gate_fail,SHORT,,6.0,,,True,False,44.481733920486896,-3.419976263672808
2024-04-29,MSFT,B,pullback_gate_fail,SHORT,,7.0,,,True,False,41.56138093190908,-1.189415500016679
2024-04-30,MSFT,B,no_pullback,SHORT,415.12123153085247,8.0,389.29,402.05,,,,
2024-05-01,MSFT,B,no_pullback,SHORT,415.12123153085247,9.0,390.445,401.67,,,,
2024-05-02,MSFT,B,no_pullback,SHORT,415.12123153085247,10.0,394.7,399.84,,,,
2024-05-03,MSFT,B,window_expired,SHORT,,11.0,,,,,,
2024-05-14,MSFT,B,flip_armed,LONG,396.64389123321075,,,,,,,
2024-05-15,MSFT,B,no_pullback,LONG,402.64825210988965,1.0,417.335,423.785,,,,
2024-05-16,MSFT,B,no_pullback,LONG,405.4969268989007,2.0,420.36,425.39,,,,
2024-05-17,MSFT,B,no_pullback,LONG,405.4969268989007,3.0,418.08,422.35,,,,
2024-05-20,MSFT,B,no_pullback,LONG,406.67426078810956,4.0,420.05,426.73,,,,
2024-05-21,MSFT,B,no_pullback,LONG,411.8508347092986,5.0,424.93,432.79,,,,
2024-05-22,MSFT,B,no_pullback,LONG,413.20050123836876,6.0,427.215,432.39,,,,
2024-05-23,MSFT,B,pullback_entry,LONG,413.20050123836876,7.0,425.505,,,,60.66863961570722,1.1559238845778026
2024-07-16,MSFT,B,flip_armed,SHORT,468.2018879016273,,,,,,,
2024-07-17,MSFT,B,no_pullback,SHORT,460.5456991114646,1.0,439.2,444.79,,,,
2024-07-18,MSFT,B,no_pullback,SHORT,458.67437920031807,2.0,434.46,444.485,,,,
2024-07-19,MSFT,B,no_pullback,SHORT,456.02919128028634,3.0,432.2,440.93,,,,
2024-07-22,MSFT,B,pullback_gate_fail,SHORT,,4.0,,,True,False,46.51484936689484,-0.0355578312303777
2024-07-23,MSFT,B,pullback_gate_fail,SHORT,,5.0,,,True,False,48.4075040821784,-2.9587873677978536
2024-07-24,MSFT,B,no_pullback,SHORT,455.79817044332873,6.0,427.7,441.46,,,,
2024-07-25,MSFT,B,no_pullback,SHORT,445.8151033989959,7.0,417.52,429.785,,,,
2024-07-26,MSFT,B,no_pullback,SHORT,445.8151033989959,8.0,417.34,428.915,,,,
2024-07-29,MSFT,B,no_pullback,SHORT,445.8151033989959,9.0,424.77,431.99,,,,
2024-07-30,MSFT,B,no_pullback,SHORT,445.8151033989959,10.0,417.45,428.87,,,,
2024-07-31,MSFT,B,window_expired,SHORT,,11.0,,,,,,
2024-08-20,MSFT,B,flip_armed,LONG,404.9805328408323,,,,,,,
2024-08-21,MSFT,B,no_pullback,LONG,406.06272955674905,1.0,421.83,426.385,,,,
2024-08-22,MSFT,B,pullback_gate_fail,LONG,,2.0,,,False,False,44.90358043486537,-2.4622878775534147
2024-08-23,MSFT,B,pullback_gate_fail,LONG,,3.0,,,False,False,45.710405552206,-0.796876265546139
2024-08-26,MSFT,B,pullback_gate_fail,LONG,,4.0,,,False,False,43.28084170559909,-0.2519464912893241
2024-08-27,MSFT,B,pullback_gate_fail,LONG,,5.0,,,False,True,43.49717675204326,0.37991905663329106
2024-08-28,MSFT,B,pullback_gate_fail,LONG,,6.0,,,False,True,40.80693795447128,1.9241275542624834
2024-08-29,MSFT,B,pullback_gate_fail,LONG,,7.0,,,False,False,43.65384111370111,-2.779515643353186
2024-08-30,MSFT,B,pullback_gate_fail,LONG,,8.0,,,False,False,48.04661256373299,-2.382441980017017
2024-09-03,MSFT,B,pullback_gate_fail,LONG,,9.0,,,False,False,41.61290959001182,-0.2002004141552014
2024-09-04,MSFT,B,pullback_gate_fail,LONG,,10.0,,,False,True,40.91171465643903,1.2181187361409478
2024-09-05,MSFT,B,window_expired,LONG,,11.0,,,,,,
2024-09-06,MSFT,B,flip_armed,SHORT,425.12193981977356,,,,,,,
2024-09-09,MSFT,B,no_pullback,SHORT,424.6919958377962,1.0,402.185,408.62,,,,
2024-09-10,MSFT,B,pullback_gate_fail,SHORT,,2.0,,,True,False,49.1864562213298,-2.6267068019814097
2024-09-11,MSFT,B,pullback_gate_fail,SHORT,,3.0,,,False,True,56.35867274713035,1.37129108853512
2024-09-12,MSFT,B,reflip_disarm,SHORT,,4.0,,,,,,
2024-09-12,MSFT,B,flip_armed,LONG,402.27573253424663,,,,,,,
2024-09-13,MSFT,B,no_pullback,LONG,408.0086592808219,1.0,425.57,431.795,,,,
2024-09-16,MSFT,B,no_pullback,LONG,411.07854335273976,2.0,428.42,433.48,,,,
2024-09-17,MSFT,B,no_pullback,LONG,416.59693901746573,3.0,432.33,441.805,,,,
2024-09-18,MSFT,B,no_pullback,LONG,416.59693901746573,4.0,430.45,435.85,,,,
2024-09-19,MSFT,B,no_pullback,LONG,418.6788456041472,5.0,437.0,441.14,,,,
2024-09-20,MSFT,B,no_pullback,LONG,418.6788456041472,6.0,434.275,439.2,,,,
2024-09-23,MSFT,B,pullback_gate_fail,LONG,,7.0,,,True,False,59.477658286684694,-2.3919979377265292
2024-09-24,MSFT,B,pullback_gate_fail,LONG,,8.0,,,True,False,54.99728275285568,-4.769361502471618
2024-09-25,MSFT,B,pullback_gate_fail,LONG,,9.0,,,True,False,57.34424828901062,-4.088024144975677
2024-09-26,MSFT,B,pullback_gate_fail,LONG,,10.0,,,True,False,56.32929235470678,-2.2410748638931004
2024-09-27,MSFT,B,window_expired,LONG,,11.0,,,,,,
2024-10-02,MSFT,B,flip_armed,SHORT,437.2792625523783,,,,,,,
2024-10-03,MSFT,B,no_pullback,SHORT,433.9135862971404,1.0,414.43,419.4,,,,
2024-10-04,MSFT,B,no_pullback,SHORT,433.8387276674264,2.0,415.09,419.69,,,,
2024-10-07,MSFT,B,pullback_entry,SHORT,429.88635490068384,3.0,409.045,,,,36.78900732594895,3.863867450340013
2024-10-29,MSFT,B,flip_armed,LONG,412.9156705120208,,,,,,,
2024-10-30,MSFT,B,no_pullback,LONG,418.8086034608187,1.0,432.21,438.465,,,,
2024-10-31,MSFT,B,reflip_disarm,LONG,,2.0,,,,,,
2024-10-31,MSFT,B,flip_armed,SHORT,432.96350688526314,,,,,,,
2024-11-01,MSFT,B,no_pullback,SHORT,432.96350688526314,1.0,407.82,415.46,,,,
2024-11-04,MSFT,B,no_pullback,SHORT,428.89564057706315,2.0,405.74,410.415,,,,
2024-11-05,MSFT,B,no_pullback,SHORT,428.89564057706315,3.0,408.54,414.9,,,,
2024-11-06,MSFT,B,pullback_gate_fail,SHORT,,4.0,,,False,False,50.29723617108235,-4.495298304986086
2024-11-07,MSFT,B,pullback_gate_fail,SHORT,,5.0,,,False,False,54.33707511255425,-1.4303526984423378
2024-11-08,MSFT,B,pullback_gate_fail,SHORT,,6.0,,,False,False,52.00107143736612,-1.2260165986648595
2024-11-11,MSFT,B,pullback_gate_fail,SHORT,,7.0,,,True,False,48.27085614411805,-3.439480527705012
2024-11-12,MSFT,B,pullback_gate_fail,SHORT,,8.0,,,False,False,52.34924133764391,-2.948126166604297
2024-11-13,MSFT,B,pullback_gate_fail,SHORT,,9.0,,,False,False,53.845093765961415,-0.6762186380272652
2024-11-14,MSFT,B,pullback_gate_fail,SHORT,,10.0,,,False,False,55.07898407659002,-0.5796159754519401
2024-11-15,MSFT,B,window_expired,SHORT,,11.0,,,,,,
2024-12-02,MSFT,B,flip_armed,LONG,406.90569420507416,,,,,,,
2024-12-03,MSFT,B,no_pullback,LONG,410.8633747845667,1.0,427.905,432.42,,,,
2024-12-04,MSFT,B,no_pullback,LONG,416.68328730611006,2.0,432.73,439.51,,,,
2024-12-05,MSFT,B,no_pullback,LONG,420.8944585754991,3.0,436.3,444.65,,,,
2024-12-06,MSFT,B,no_pullback,LONG,425.26876271794913,4.0,441.835,446.06,,,,
2024-12-09,MSFT,B,no_pullback,LONG,425.65413644615415,5.0,440.51,448.33,,,,
2024-12-10,MSFT,B,no_pullback,LONG,426.7119728015388,6.0,441.6,449.605,,,,
2024-12-11,MSFT,B,no_pullback,LONG,428.44602552138497,7.0,444.17,450.28,,,,
2024-12-12,MSFT,B,no_pullback,LONG,433.9264229692464,8.0,449.15,456.14,,,,
2024-12-13,MSFT,B,pullback_gate_fail,LONG,,9.0,,,True,False,65.79714889406901,-0.5571442078333249
2024-12-16,MSFT,B,pullback_gate_fail,LONG,,10.0,,,True,False,68.80084620627025,-0.21754530236089664
2024-12-17,MSFT,B,window_expired,LONG,,11.0,,,,,,
2024-12-23,MSFT,B,flip_armed,SHORT,456.0154684924706,,,,,,,
2024-12-24,MSFT,B,no_pullback,SHORT,456.0154684924706,1.0,434.31,439.32,,,,
2024-12-26,MSFT,B,no_pullback,SHORT,456.0154684924706,2.0,436.67,440.92,,,,
2024-12-27,MSFT,B,no_pullback,SHORT,450.73121903101105,3.0,426.49,435.06,,,,
2024-12-30,MSFT,B,no_pullback,SHORT,444.88559712791,4.0,422.07,427.495,,,,
2024-12-31,MSFT,B,no_pullback,SHORT,443.21778741511895,5.0,420.73,426.59,,,,
2025-01-02,MSFT,B,no_pullback,SHORT,440.89450867360705,6.0,414.96,426.07,,,,
2025-01-03,MSFT,B,no_pullback,SHORT,440.89450867360705,7.0,419.585,423.99,,,,
2025-01-06,MSFT,B,pullback_gate_fail,SHORT,,8.0,,,True,False,46.5468326156913,-5.206866884439641
2025-01-07,MSFT,B,pullback_gate_fail,SHORT,,9.0,,,True,False,42.1232814284117,-2.5064311432708166
2025-01-08,MSFT,B,no_pullback,SHORT,440.89450867360705,10.0,421.61,426.87,,,,
2025-01-10,MSFT,B,window_expired,SHORT,,11.0,,,,,,
2025-01-22,MSFT,B,flip_armed,LONG,418.9762511812354,,,,,,,
2025-01-23,MSFT,B,no_pullback,LONG,422.5361260631118,1.0,441.585,446.61,,,,
2025-01-24,MSFT,B,no_pullback,LONG,423.3422634568006,2.0,441.46,446.61,,,,
2025-01-27,MSFT,B,pullback_gate_fail,LONG,,3.0,,,True,False,52.482924824322,-2.1241916277366784
2025-01-28,MSFT,B,pullback_gate_fail,LONG,,4.0,,,True,False,60.51211422364331,-2.207123764402251
2025-01-29,MSFT,B,no_pullback,LONG,423.3422634568006,5.0,440.45,446.835,,,,
2025-01-30,MSFT,B,reflip_disarm,LONG,,6.0,,,,,,
2025-01-30,MSFT,B,flip_armed,SHORT,447.4071169459931,,,,,,,
2025-01-31,MSFT,B,no_pullback,SHORT,445.6934052513938,1.0,415.0,420.6,,,,
2025-02-03,MSFT,B,no_pullback,SHORT,438.8040647262544,2.0,408.72,415.36,,,,
2025-02-04,MSFT,B,no_pullback,SHORT,436.93140825362894,3.0,409.795,413.86,,,,
2025-02-05,MSFT,B,no_pullback,SHORT,435.4860174282661,4.0,410.47,413.7,,,,
2025-02-06,MSFT,B,no_pullback,SHORT,435.4860174282661,5.0,414.125,418.17,,,,
2025-02-07,MSFT,B,no_pullback,SHORT,435.4860174282661,6.0,408.14,418.61,,,,
2025-02-10,MSFT,B,no_pullback,SHORT,435.03460420520594,7.0,410.945,415.455,,,,
2025-02-11,MSFT,B,no_pullback,SHORT,431.35989378468537,8.0,409.365,412.49,,,,
2025-02-12,MSFT,B,no_pullback,SHORT,427.71915440621683,9.0,404.39,410.715,,,,
2025-02-13,MSFT,B,no_pullback,SHORT,427.71915440621683,10.0,406.42,410.985,,,,
2025-02-14,MSFT,B,window_expired,SHORT,,11.0,,,,,,
2025-04-09,MSFT,B,flip_armed,LONG,335.1889336110877,,,,,,,
2025-04-10,MSFT,B,no_pullback,LONG,336.18154024997887,1.0,367.88,383.75,,,,
2025-04-11,MSFT,B,no_pullback,LONG,346.10863622498107,2.0,379.045,389.98,,,,
2025-04-14,MSFT,B,no_pullback,LONG,352.27152260248283,3.0,384.26,394.56,,,,
2025-04-15,MSFT,B,no_pullback,LONG,352.6803703422346,4.0,384.21,391.79,,,,
2025-04-16,MSFT,B,no_pullback,LONG,352.6803703422346,5.0,368.25,381.42,,,,
2025-04-17,MSFT,B,no_pullback,LONG,352.6803703422346,6.0,366.92,374.25,,,,
2025-04-21,MSFT,B,pullback_gate_fail,LONG,,7.0,,,False,True,37.79899931863361,2.1900468969988687
2025-04-22,MSFT,B,pullback_gate_fail,LONG,,8.0,,,False,True,42.70102758911878,0.37851679406033156
2025-04-23,MSFT,B,no_pullback,LONG,352.6803703422346,9.0,373.02,380.31,,,,
2025-04-24,MSFT,B,no_pullback,LONG,352.6803703422346,10.0,375.355,388.45,,,,
2025-04-25,MSFT,B,window_expired,LONG,,11.0,,,,,,
2025-08-18,MSFT,B,flip_armed,SHORT,541.1382060840315,,,,,,,
2025-08-19,MSFT,B,no_pullback,SHORT,534.4506354756285,1.0,508.6,515.13,,,,
2025-08-20,MSFT,B,no_pullback,SHORT,529.6645719280656,2.0,504.47,510.96,,,,
2025-08-21,MSFT,B,no_pullback,SHORT,526.157114735259,3.0,502.87,507.58,,,,
2025-08-22,MSFT,B,pullback_gate_fail,SHORT,,4.0,,,True,False,45.01354499818267,-0.7277177195100961
2025-08-25,MSFT,B,no_pullback,SHORT,525.9392629355598,5.0,504.32,508.13,,,,
2025-08-26,MSFT,B,no_pullback,SHORT,521.0665866420038,6.0,498.535,504.92,,,,
2025-08-27,MSFT,B,pullback_gate_fail,SHORT,,7.0,,,True,False,45.82244519172202,-0.21175604887060118
2025-08-28,MSFT,B,pullback_gate_fail,SHORT,,8.0,,,True,False,48.712789485705564,-3.211314025005777
2025-08-29,MSFT,B,pullback_gate_fail,SHORT,,9.0,,,True,False,46.109183067164324,-2.141046614930815
2025-09-02,MSFT,B,pullback_entry,SHORT,519.9767422458187,10.0,496.95,,,,44.70560191093135,1.8783732038643954
2025-10-01,MSFT,B,flip_armed,LONG,497.73268513173247,,,,,,,
2025-10-02,MSFT,B,pullback_entry,LONG,497.73268513173247,1.0,510.7,,,,55.131664860182624,0.8974598604996693
2025-10-31,MSFT,B,flip_armed,SHORT,548.0379062641734,,,,,,,
2025-11-03,MSFT,B,no_pullback,SHORT,545.692615637756,1.0,514.595,524.9,,,,
2025-11-04,MSFT,B,no_pullback,SHORT,537.3356040739804,2.0,507.98,515.49,,,,
2025-11-05,MSFT,B,no_pullback,SHORT,535.7805436665824,3.0,506.59,514.79,,,,
2025-11-06,MSFT,B,no_pullback,SHORT,525.9014892999242,4.0,495.91,505.2,,,,
2025-11-07,MSFT,B,no_pullback,SHORT,520.5730903699318,5.0,493.31,499.245,,,,
2025-11-10,MSFT,B,pullback_gate_fail,SHORT,,6.0,,,True,False,42.75756091702375,-1.6409123122783136
2025-11-11,MSFT,B,pullback_gate_fail,SHORT,,7.0,,,True,False,45.25215787465133,-2.691394754805483
2025-11-12,MSFT,B,pullback_gate_fail,SHORT,,8.0,,,True,False,47.24633602005733,-1.1787834767724696
2025-11-13,MSFT,B,pullback_gate_fail,SHORT,,9.0,,,True,False,41.6706786233023,-1.9508115927821237
2025-11-14,MSFT,B,pullback_gate_fail,SHORT,,10.0,,,True,False,47.46788559632005,-0.1796794356526874
2025-11-17,MSFT,B,window_expired,SHORT,,11.0,,,,,,
2026-01-26,MSFT,B,flip_armed,LONG,442.20087529498545,,,,,,,
2026-01-27,MSFT,B,no_pullback,LONG,451.5655377654869,1.0,473.28,482.855,,,,
2026-01-28,MSFT,B,no_pullback,LONG,455.5082339889383,2.0,478.0,483.44,,,,
2026-01-29,MSFT,B,reflip_disarm,LONG,,3.0,,,,,,
2026-01-29,MSFT,B,flip_armed,SHORT,469.46308940995556,,,,,,,
2026-01-30,MSFT,B,no_pullback,SHORT,469.46308940995556,1.0,426.47,439.525,,,,
2026-02-02,MSFT,B,no_pullback,SHORT,462.166227422064,2.0,422.31,430.67,,,,
2026-02-03,MSFT,B,no_pullback,SHORT,451.05110467985764,3.0,408.58,421.975,,,,
2026-02-04,MSFT,B,no_pullback,SHORT,448.5212442118719,4.0,409.29,418.67,,,,
2026-02-05,MSFT,B,no_pullback,SHORT,436.8471197906847,5.0,392.39,408.235,,,,
2026-02-06,MSFT,B,no_pullback,SHORT,432.4411578116162,6.0,392.96,401.76,,,,
2026-02-09,MSFT,B,no_pullback,SHORT,432.4411578116162,7.0,400.88,414.88,,,,
2026-02-10,MSFT,B,pullback_gate_fail,SHORT,,8.0,,,True,False,36.04344399500707,-4.5584160625284085
2026-02-11,MSFT,B,no_pullback,SHORT,432.4411578116162,9.0,401.03,416.28,,,,
2026-02-12,MSFT,B,no_pullback,SHORT,432.4411578116162,10.0,398.02,406.19,,,,
2026-02-13,MSFT,B,window_expired,SHORT,,11.0,,,,,,
2023-09-21,GOOGL,B,flip_armed,SHORT,137.90794170176198,,,,,,,
2023-09-22,GOOGL,B,no_pullback,SHORT,137.49764753158578,1.0,129.65,132.025,,,,
2023-09-25,GOOGL,B,no_pullback,SHORT,136.61163277842718,2.0,128.99,131.16,,,,
2023-09-26,GOOGL,B,no_pullback,SHORT,135.56421950058447,3.0,127.225,130.175,,,,
2023-09-27,GOOGL,B,no_pullback,SHORT,135.56421950058447,4.0,128.67,130.89,,,,
2023-09-28,GOOGL,B,pullback_gate_fail,SHORT,,5.0,,,True,False,48.90469801037801,-3.8398549298993956
2023-09-29,GOOGL,B,pullback_gate_fail,SHORT,,6.0,,,True,False,45.642046271837714,-4.565902534356379
2023-10-02,GOOGL,B,pullback_gate_fail,SHORT,,7.0,,,False,False,53.47363314142035,-4.2564595821321305
2023-10-03,GOOGL,B,pullback_gate_fail,SHORT,,8.0,,,True,False,49.38541321902854,-3.648393927541825
2023-10-04,GOOGL,B,pullback_gate_fail,SHORT,,9.0,,,False,False,55.20248233792732,-0.5919209584286627
2023-10-05,GOOGL,B,pullback_gate_fail,SHORT,,10.0,,,False,False,54.956037604356105,-0.5073608215102823
2023-10-06,GOOGL,B,reflip_disarm,SHORT,,11.0,,,,,,
2023-10-06,GOOGL,B,flip_armed,LONG,128.8105215050058,,,,,,,
2023-10-09,GOOGL,B,no_pullback,LONG,129.84646935450522,1.0,135.615,138.9,,,,
2023-10-10,GOOGL,B,no_pullback,LONG,131.28007241905473,2.0,137.36,139.72,,,,
2023-10-11,GOOGL,B,no_pullback,LONG,132.65981517714923,3.0,138.81,141.105,,,,
2023-10-12,GOOGL,B,no_pullback,LONG,132.65981517714923,4.0,138.265,141.2,,,,
2023-10-13,GOOGL,B,pullback_gate_fail,LONG,,5.0,,,True,False,55.699062043177136,-2.8109634394950263
2023-10-16,GOOGL,B,no_pullback,LONG,132.65981517714923,6.0,138.03,139.6,,,,
2023-10-17,GOOGL,B,no_pullback,LONG,132.65981517714923,7.0,137.195,139.9,,,,
2023-10-18,GOOGL,B,no_pullback,LONG,132.65981517714923,8.0,137.39,140.72,,,,
2023-10-19,GOOGL,B,no_pullback,LONG,132.65981517714923,9.0,137.385,139.66,,,,
2023-10-20,GOOGL,B,pullback_gate_fail,LONG,,10.0,,,False,False,49.24798067164689,-0.7380467462240468
2023-10-23,GOOGL,B,window_expired,LONG,,11.0,,,,,,
2023-10-25,GOOGL,B,flip_armed,SHORT,136.6342193088518,,,,,,,
2023-10-26,GOOGL,B,no_pullback,SHORT,132.8857973779666,1.0,121.28,124.3,,,,
2023-10-27,GOOGL,B,no_pullback,SHORT,131.62246764016996,2.0,120.215,123.31,,,,
2023-10-30,GOOGL,B,no_pullback,SHORT,131.62246764016996,3.0,122.78,125.38,,,,
2023-10-31,GOOGL,B,no_pullback,SHORT,131.62246764016996,4.0,122.725,125.29,,,,
2023-11-01,GOOGL,B,no_pullback,SHORT,131.62246764016996,5.0,123.725,126.485,,,,
2023-11-02,GOOGL,B,pullback_gate_fail,SHORT,,6.0,,,True,False,42.48506618110714,-3.7990359895109904
2023-11-03,GOOGL,B,pullback_gate_fail,SHORT,,7.0,,,True,False,45.65824164752369,-3.990244410315661
2023-11-06,GOOGL,B,pullback_gate_fail,SHORT,,8.0,,,True,False,48.04195323180694,-4.515302834113861
2023-11-07,GOOGL,B,pullback_gate_fail,SHORT,,9.0,,,True,False,49.48925912738615,-3.350691788604564
2023-11-08,GOOGL,B,reflip_disarm,SHORT,,10.0,,,,,,
2023-11-08,GOOGL,B,flip_armed,LONG,124.23163358574575,,,,,,,
2023-11-09,GOOGL,B,no_pullback,LONG,124.23163358574575,1.0,130.08,132.535,,,,
2023-11-10,GOOGL,B,no_pullback,LONG,124.23163358574575,2.0,129.42,132.795,,,,
2023-11-13,GOOGL,B,no_pullback,LONG,125.00938088400868,3.0,131.25,132.58,,,,
2023-11-14,GOOGL,B,no_pullback,LONG,127.40494279560778,4.0,133.345,135.7,,,,
2023-11-15,GOOGL,B,no_pullback,LONG,127.56044851604702,5.0,133.615,135.02,,,,
2023-11-16,GOOGL,B,no_pullback,LONG,128.9611536644423,6.0,134.32,137.21,,,,
2023-11-17,GOOGL,B,no_pullback,LONG,128.9611536644423,7.0,133.67,136.05,,,,
2023-11-20,GOOGL,B,no_pullback,LONG,128.9611536644423,8.0,133.77,136.66,,,,
2023-11-21,GOOGL,B,no_pullback,LONG,129.99209602137844,9.0,135.97,137.14,,,,
2023-11-22,GOOGL,B,no_pullback,LONG,131.9358864192406,10.0,137.48,139.41,,,,
2023-11-24,GOOGL,B,window_expired,LONG,,11.0,,,,,,
2023-12-01,GOOGL,B,flip_armed,SHORT,137.99956566797235,,,,,,,
2023-12-04,GOOGL,B,no_pullback,SHORT,135.9051091011751,1.0,127.95,130.01,,,,
2023-12-05,GOOGL,B,pullback_gate_fail,SHORT,,2.0,,,True,False,44.474698331882784,-2.3812820881346326
2023-12-06,GOOGL,B,no_pullback,SHORT,135.9051091011751,3.0,129.89,131.82,,,,
2023-12-07,GOOGL,B,reflip_disarm,SHORT,,4.0,,,,,,
2023-12-07,GOOGL,B,flip_armed,LONG,128.24920796524333,,,,,,,
2023-12-08,GOOGL,B,no_pullback,LONG,128.24920796524333,1.0,134.1,136.36,,,,
2023-12-11,GOOGL,B,pullback_gate_fail,LONG,,2.0,,,False,False,49.59099070387919,-3.1253578352458184
2023-12-12,GOOGL,B,pullback_gate_fail,LONG,,3.0,,,False,False,48.146577787089136,-2.8339376361659028
2023-12-13,GOOGL,B,pullback_gate_fail,LONG,,4.0,,,False,False,48.29794014520193,-1.814093834360932
2023-12-14,GOOGL,B,pullback_gate_fail,LONG,,5.0,,,False,False,46.98960036822589,-1.5844015894979364
2023-12-15,GOOGL,B,pullback_gate_fail,LONG,,6.0,,,False,False,48.18425603725365,-1.358058505283946
2023-12-18,GOOGL,B,no_pullback,LONG,128.24920796524333,7.0,132.61,137.14,,,,
2023-12-19,GOOGL,B,no_pullback,LONG,129.13532705930808,8.0,136.12,137.47,,,,
2023-12-20,GOOGL,B,no_pullback,LONG,131.71629435337726,9.0,138.07,141.66,,,,
2023-12-21,GOOGL,B,no_pullback,LONG,132.02491491803954,10.0,139.19,140.685,,,,
2023-12-22,GOOGL,B,window_expired,LONG,,11.0,,,,,,
2024-01-31,GOOGL,B,flip_armed,SHORT,150.65750976269615,,,,,,,
2024-02-01,GOOGL,B,no_pullback,SHORT,150.58000878642656,1.0,140.795,143.05,,,,
2024-02-02,GOOGL,B,no_pullback,SHORT,148.81675790778388,2.0,136.57,142.51,,,,
2024-02-05,GOOGL,B,pullback_gate_fail,SHORT,,3.0,,,False,False,50.379289320455,-3.6651476299943084
2024-02-06,GOOGL,B,pullback_gate_fail,SHORT,,4.0,,,False,False,51.39334766244287,-3.141555111423692
2024-02-07,GOOGL,B,pullback_gate_fail,SHORT,,5.0,,,False,False,54.08186083321978,-3.047926307177235
2024-02-08,GOOGL,B,pullback_gate_fail,SHORT,,6.0,,,False,False,54.929161746152694,-3.5578815155507115
2024-02-09,GOOGL,B,reflip_disarm,SHORT,,7.0,,,,,,
2024-02-09,GOOGL,B,flip_armed,LONG,139.9721227230327,,,,,,,
2024-02-12,GOOGL,B,no_pullback,LONG,140.82091045072946,1.0,147.4,149.3,,,,
2024-02-13,GOOGL,B,pullback_gate_fail,LONG,,2.0,,,True,False,51.49011040410382,-1.5284022213070863
2024-02-14,GOOGL,B,pullback_gate_fail,LONG,,3.0,,,True,False,52.8953512049765,-1.3100590468346454
2024-02-15,GOOGL,B,pullback_gate_fail,LONG,,4.0,,,False,True,46.590243672857746,1.9447771699638743
2024-02-16,GOOGL,B,reflip_disarm,LONG,,5.0,,,,,,
2024-02-16,GOOGL,B,flip_armed,SHORT,149.77603815327643,,,,,,,
2024-02-20,GOOGL,B,no_pullback,SHORT,148.73693433794878,1.0,139.55,142.075,,,,
2024-02-21,GOOGL,B,no_pullback,SHORT,148.73693433794878,2.0,140.7,142.68,,,,
2024-02-22,GOOGL,B,pullback_gate_fail,SHORT,,3.0,,,False,False,50.400412334479626,-3.582271636703201
2024-02-23,GOOGL,B,pullback_gate_fail,SHORT,,4.0,,,False,False,50.22272043501303,-3.0705185457455997
2024-02-26,GOOGL,B,no_pullback,SHORT,147.8327263691282,5.0,137.39,142.335,,,,
2024-02-27,GOOGL,B,no_pullback,SHORT,145.8794537322154,6.0,137.09,139.245,,,,
2024-02-28,GOOGL,B,no_pullback,SHORT,144.52075835899382,7.0,135.41,138.01,,,,
2024-02-29,GOOGL,B,no_pullback,SHORT,144.52075835899382,8.0,136.405,138.855,,,,
2024-03-01,GOOGL,B,no_pullback,SHORT,144.52075835899382,9.0,136.925,138.83,,,,
2024-03-04,GOOGL,B,no_pullback,SHORT,141.6886803437065,10.0,131.915,135.61,,,,
2024-03-05,GOOGL,B,window_expired,SHORT,,11.0,,,,,,
2024-03-13,GOOGL,B,flip_armed,LONG,132.28793576651424,,,,,,,
2024-03-14,GOOGL,B,no_pullback,LONG,134.11464218986282,1.0,140.46,143.58,,,,
2024-03-15,GOOGL,B,no_pullback,LONG,134.11464218986282,2.0,140.035,143.17,,,,
2024-03-18,GOOGL,B,no_pullback,LONG,139.82403517378887,3.0,147.18,152.12,,,,
2024-03-19,GOOGL,B,no_pullback,LONG,139.82403517378887,4.0,146.095,148.72,,,,
2024-03-20,GOOGL,B,no_pullback,LONG,139.82403517378887,5.0,146.75,148.85,,,,
2024-03-21,GOOGL,B,no_pullback,LONG,139.82403517378887,6.0,146.93,150.275,,,,
2024-03-22,GOOGL,B,no_pullback,LONG,141.19940322752288,7.0,149.01,151.57,,,,
2024-03-25,GOOGL,B,no_pullback,LONG,141.19940322752288,8.0,147.82,150.37,,,,
2024-03-26,GOOGL,B,no_pullback,LONG,142.5546166142935,9.0,150.03,152.255,,,,
2024-03-27,GOOGL,B,no_pullback,LONG,142.5546166142935,10.0,148.92,151.56,,,,
2024-03-28,GOOGL,B,window_expired,LONG,,11.0,,,,,,
2024-07-17,GOOGL,B,flip_armed,SHORT,190.5530304401436,,,,,,,
2024-07-18,GOOGL,B,no_pullback,SHORT,188.91822739612923,1.0,176.47,182.465,,,,
2024-07-19,GOOGL,B,no_pullback,SHORT,187.99065465651634,2.0,177.205,180.245,,,,
2024-07-22,GOOGL,B,pullback_gate_fail,SHORT,,3.0,,,False,False,50.23181185137045,-2.2896751186751487
2024-07-23,GOOGL,B,pullback_gate_fail,SHORT,,4.0,,,False,False,50.30302572642939,-3.2491171507516157
2024-07-24,GOOGL,B,no_pullback,SHORT,184.6847622446004,5.0,171.85,176.13,,,,
2024-07-25,GOOGL,B,no_pullback,SHORT,181.39278602014036,6.0,167.2,173.29,,,,
2024-07-26,GOOGL,B,no_pullback,SHORT,177.09675741812632,7.0,164.06,168.065,,,,
2024-07-29,GOOGL,B,no_pullback,SHORT,177.09675741812632,8.0,168.0,170.41,,,,
2024-07-30,GOOGL,B,no_pullback,SHORT,177.09675741812632,9.0,168.46,171.215,,,,
2024-07-31,GOOGL,B,pullback_gate_fail,SHORT,,10.0,,,True,False,40.192008759653355,-3.073199876890456
2024-08-01,GOOGL,B,window_expired,SHORT,,11.0,,,,,,
2024-09-19,GOOGL,B,flip_armed,LONG,153.6837740443302,,,,,,,
2024-09-20,GOOGL,B,no_pullback,LONG,154.47989663989716,1.0,162.06,163.73,,,,
2024-09-23,GOOGL,B,no_pullback,LONG,155.03765697590745,2.0,161.685,165.39,,,,
2024-09-24,GOOGL,B,no_pullback,LONG,155.03765697590745,3.0,160.7,163.19,,,,
2024-09-25,GOOGL,B,no_pullback,LONG,155.03765697590745,4.0,161.3,162.8,,,,
2024-09-26,GOOGL,B,no_pullback,LONG,155.49188943543655,5.0,162.29,164.05,,,,
2024-09-27,GOOGL,B,no_pullback,LONG,156.4984504918929,6.0,162.645,165.7,,,,
2024-09-30,GOOGL,B,no_pullback,LONG,157.1908554427036,7.0,163.44,166.07,,,,
2024-10-01,GOOGL,B,no_pullback,LONG,158.92476989843325,8.0,164.6,169.13,,,,
2024-10-02,GOOGL,B,no_pullback,LONG,158.92476989843325,9.0,164.775,167.51,,,,
2024-10-03,GOOGL,B,no_pullback,LONG,158.92476989843325,10.0,163.95,166.625,,,,
2024-10-04,GOOGL,B,window_expired,LONG,,11.0,,,,,,
2024-11-21,GOOGL,B,flip_armed,SHORT,180.82884039335207,,,,,,,
2024-11-22,GOOGL,B,no_pullback,SHORT,176.88045635401684,1.0,163.93,166.45,,,,
2024-11-25,GOOGL,B,no_pullback,SHORT,176.88045635401684,2.0,165.64,168.61,,,,
2024-11-26,GOOGL,B,no_pullback,SHORT,176.88045635401684,3.0,167.7,169.805,,,,
2024-11-27,GOOGL,B,no_pullback,SHORT,176.88045635401684,4.0,168.02,169.47,,,,
2024-11-29,GOOGL,B,no_pullback,SHORT,176.88045635401684,5.0,167.19,169.31,,,,
2024-12-02,GOOGL,B,pullback_gate_fail,SHORT,,6.0,,,False,False,50.94062912663724,-2.1519084924337974
2024-12-03,GOOGL,B,pullback_gate_fail,SHORT,,7.0,,,False,False,50.59840536137624,-1.288240888330332
2024-12-04,GOOGL,B,pullback_gate_fail,SHORT,,8.0,,,False,True,55.337594844080506,1.0776731482755402
2024-12-05,GOOGL,B,pullback_gate_fail,SHORT,,9.0,,,False,True,52.41887216497944,1.8389268440966937
2024-12-06,GOOGL,B,pullback_gate_fail,SHORT,,10.0,,,False,True,55.39510100233184,0.8415591548604873
2024-12-09,GOOGL,B,window_expired,SHORT,,11.0,,,,,,
2024-12-10,GOOGL,B,flip_armed,LONG,173.1615808008436,,,,,,,
2024-12-11,GOOGL,B,no_pullback,LONG,178.05692272075925,1.0,184.91,195.58,,,,
2024-12-12,GOOGL,B,no_pullback,LONG,181.5469804486833,2.0,191.735,195.16,,,,
2024-12-13,GOOGL,B,no_pullback,LONG,181.5469804486833,3.0,189.66,192.72,,,,
2024-12-16,GOOGL,B,no_pullback,LONG,183.2095791634335,4.0,192.685,199.0,,,,
2024-12-17,GOOGL,B,no_pullback,LONG,185.25537124709012,5.0,195.03,201.41,,,,
2024-12-18,GOOGL,B,pullback_gate_fail,LONG,,6.0,,,True,False,58.98243460753971,-3.6681241562475364
2024-12-19,GOOGL,B,pullback_gate_fail,LONG,,7.0,,,True,False,59.150425791056115,-3.1441064196407424
2024-12-20,GOOGL,B,pullback_gate_fail,LONG,,8.0,,,True,False,61.85970152333492,-5.172552713933406
2024-12-23,GOOGL,B,pullback_gate_fail,LONG,,9.0,,,True,False,60.93519392688772,-3.778050931020715
2024-12-24,GOOGL,B,no_pullback,LONG,185.25537124709012,10.0,193.8,196.02,,,,
2024-12-26,GOOGL,B,window_expired,LONG,,11.0,,,,,,
2025-02-05,GOOGL,B,flip_armed,SHORT,205.9773860972545,,,,,,,
2025-02-06,GOOGL,B,no_pullback,SHORT,205.29214748752906,1.0,188.73,192.09,,,,
2025-02-07,GOOGL,B,no_pullback,SHORT,202.67643273877616,2.0,183.24,191.18,,,,
2025-02-10,GOOGL,B,no_pullback,SHORT,201.66478946489855,3.0,185.88,188.18,,,,
2025-02-11,GOOGL,B,no_pullback,SHORT,199.42131051840872,4.0,184.3,186.9,,,,
2025-02-12,GOOGL,B,no_pullback,SHORT,196.75417946656782,5.0,181.83,185.04,,,,
2025-02-13,GOOGL,B,no_pullback,SHORT,196.75417946656782,6.0,183.15,186.28,,,,
2025-02-14,GOOGL,B,no_pullback,SHORT,196.75417946656782,7.0,184.32,186.4,,,,
2025-02-18,GOOGL,B,no_pullback,SHORT,195.67400683112794,8.0,181.75,185.9,,,,
2025-02-19,GOOGL,B,no_pullback,SHORT,195.65660614801516,9.0,183.59,185.46,,,,
2025-02-20,GOOGL,B,no_pullback,SHORT,194.67344553321362,10.0,182.78,185.28,,,,
2025-02-21,GOOGL,B,window_expired,SHORT,,11.0,,,,,,
2025-04-25,GOOGL,B,flip_armed,LONG,148.6614442171399,,,,,,,
2025-04-28,GOOGL,B,no_pullback,LONG,148.6614442171399,1.0,158.62,163.06,,,,
2025-04-29,GOOGL,B,no_pullback,LONG,148.6614442171399,2.0,157.535,160.71,,,,
2025-04-30,GOOGL,B,no_pullback,LONG,148.6614442171399,3.0,155.43,159.27,,,,
2025-05-01,GOOGL,B,no_pullback,LONG,148.6614442171399,4.0,158.98,161.94,,,,
2025-05-02,GOOGL,B,no_pullback,LONG,150.72032969577896,5.0,161.88,164.96,,,,
2025-05-05,GOOGL,B,no_pullback,LONG,151.95279672620106,6.0,162.72,165.37,,,,
2025-05-06,GOOGL,B,no_pullback,LONG,151.95279672620106,7.0,161.21,164.79,,,,
2025-05-07,GOOGL,B,reflip_disarm,LONG,,8.0,,,,,,
2025-05-07,GOOGL,B,flip_armed,SHORT,171.30143465177719,,,,,,,
2025-05-08,GOOGL,B,no_pullback,SHORT,168.98804118659945,1.0,152.96,155.93,,,,
2025-05-09,GOOGL,B,no_pullback,SHORT,167.4162370679395,2.0,152.22,155.03,,,,
2025-05-12,GOOGL,B,no_pullback,SHORT,167.4162370679395,3.0,156.25,159.09,,,,
2025-05-13,GOOGL,B,no_pullback,SHORT,167.4162370679395,4.0,156.17,160.57,,,,
2025-05-14,GOOGL,B,pullback_gate_fail,SHORT,,5.0,,,False,False,57.30172628256539,-0.2664762318282001
2025-05-15,GOOGL,B,pullback_gate_fail,SHORT,,6.0,,,False,False,55.66803168121402,-0.22840819870988582
2025-05-16,GOOGL,B,pullback_gate_fail,SHORT,,7.0,,,False,True,57.892910390770766,1.472681663004039
2025-05-19,GOOGL,B,pullback_gate_fail,SHORT,,8.0,,,False,False,58.28894832083467,-0.16118167381047854
2025-05-20,GOOGL,B,pullback_gate_fail,SHORT,,9.0,,,False,True,54.575313748875146,0.9613668764718319
2025-05-21,GOOGL,B,reflip_disarm,SHORT,,10.0,,,,,,
2025-05-21,GOOGL,B,flip_armed,LONG,154.30856997041548,,,,,,,
2025-05-22,GOOGL,B,no_pullback,LONG,159.02471297337394,1.0,170.74,176.76,,,,
2025-05-23,GOOGL,B,no_pullback,LONG,159.02471297337394,2.0,167.9,169.95,,,,
2025-05-27,GOOGL,B,no_pullback,LONG,159.02471297337394,3.0,170.15,173.14,,,,
2025-05-28,GOOGL,B,no_pullback,LONG,160.37189075758957,4.0,171.915,175.265,,,,
2025-05-29,GOOGL,B,no_pullback,LONG,160.37189075758957,5.0,170.63,174.35,,,,
2025-05-30,GOOGL,B,no_pullback,LONG,160.37189075758957,6.0,167.455,172.2,,,,
2025-06-02,GOOGL,B,no_pullback,LONG,160.37189075758957,7.0,167.46,169.83,,,,
2025-06-03,GOOGL,B,no_pullback,LONG,160.37189075758957,8.0,165.295,168.475,,,,
2025-06-04,GOOGL,B,no_pullback,LONG,160.37189075758957,9.0,166.365,168.21,,,,
2025-06-05,GOOGL,B,no_pullback,LONG,160.37189075758957,10.0,167.71,170.93,,,,
2025-06-06,GOOGL,B,window_expired,LONG,,11.0,,,,,,
2025-06-20,GOOGL,B,flip_armed,SHORT,180.95931301408507,,,,,,,
2025-06-23,GOOGL,B,no_pullback,SHORT,175.96088171267655,1.0,162.07,167.32,,,,
2025-06-24,GOOGL,B,no_pullback,SHORT,175.96088171267655,2.0,166.17,168.215,,,,
2025-06-25,GOOGL,B,pullback_gate_fail,SHORT,,3.0,,,False,False,51.4705287298207,-3.170035202364371
2025-06-26,GOOGL,B,pullback_gate_fail,SHORT,,4.0,,,False,False,55.320930391224685,-3.930803840646316
2025-06-27,GOOGL,B,reflip_disarm,SHORT,,5.0,,,,,,
2025-06-27,GOOGL,B,flip_armed,LONG,163.5647537583129,,,,,,,
2025-06-30,GOOGL,B,no_pullback,LONG,165.82427838248162,1.0,174.67,181.21,,,,
2025-07-01,GOOGL,B,no_pullback,LONG,165.82427838248162,2.0,173.54,176.04,,,,
2025-07-02,GOOGL,B,no_pullback,LONG,165.82427838248162,3.0,175.07,178.86,,,,
2025-07-03,GOOGL,B,no_pullback,LONG,167.4771889408291,4.0,177.05,179.67,,,,
2025-07-07,GOOGL,B,no_pullback,LONG,167.4771889408291,5.0,175.695,179.25,,,,
2025-07-08,GOOGL,B,no_pullback,LONG,167.4771889408291,6.0,172.83,177.905,,,,
2025-07-09,GOOGL,B,no_pullback,LONG,167.4771889408291,7.0,172.97,179.43,,,,
2025-07-10,GOOGL,B,no_pullback,LONG,167.4771889408291,8.0,174.68,178.41,,,,
2025-07-11,GOOGL,B,no_pullback,LONG,167.63463127267016,9.0,176.485,181.41,,,,
2025-07-14,GOOGL,B,no_pullback,LONG,170.49216814540318,10.0,179.68,183.655,,,,
2025-07-15,GOOGL,B,window_expired,LONG,,11.0,,,,,,
2025-10-10,GOOGL,B,flip_armed,SHORT,253.75975503100864,,,,,,,
2025-10-13,GOOGL,B,no_pullback,SHORT,253.75975503100864,1.0,239.85,244.395,,,,
2025-10-14,GOOGL,B,pullback_gate_fail,SHORT,,2.0,,,False,False,57.209759445610956,-1.8742889357592034
2025-10-15,GOOGL,B,pullback_gate_fail,SHORT,,3.0,,,False,False,62.86623386503453,-0.7929686716377056
2025-10-16,GOOGL,B,pullback_gate_fail,SHORT,,4.0,,,False,True,63.156851924902945,1.946074382750897
2025-10-17,GOOGL,B,pullback_gate_fail,SHORT,,5.0,,,False,False,64.84525500484196,-0.34705004511105386
2025-10-20,GOOGL,B,reflip_disarm,SHORT,,6.0,,,,,,
2025-10-20,GOOGL,B,flip_armed,LONG,241.21224585656574,,,,,,,
2025-10-21,GOOGL,B,pullback_gate_fail,LONG,,1.0,,,True,False,58.18917480273922,-1.4504563566613626
2025-10-22,GOOGL,B,no_pullback,LONG,241.21224585656574,2.0,249.31,256.33,,,,
2025-10-23,GOOGL,B,no_pullback,LONG,241.21224585656574,3.0,251.87,254.995,,,,
2025-10-24,GOOGL,B,no_pullback,LONG,242.3644145064928,4.0,255.32,261.64,,,,
2025-10-27,GOOGL,B,no_pullback,LONG,250.14097305584346,5.0,264.31,270.01,,,,
2025-10-28,GOOGL,B,no_pullback,LONG,252.21037575025915,6.0,266.5,270.61,,,,
2025-10-29,GOOGL,B,no_pullback,LONG,254.85483817523328,7.0,267.735,275.32,,,,
2025-10-30,GOOGL,B,no_pullback,LONG,266.5696043577099,8.0,280.08,291.33,,,,
2025-10-31,GOOGL,B,no_pullback,LONG,266.5696043577099,9.0,277.04,285.92,,,,
2025-11-03,GOOGL,B,no_pullback,LONG,266.5696043577099,10.0,279.85,285.51,,,,
2025-11-04,GOOGL,B,window_expired,LONG,,11.0,,,,,,
2025-12-17,GOOGL,B,flip_armed,SHORT,324.8736206534416,,,,,,,
2025-12-18,GOOGL,B,no_pullback,SHORT,323.86750858809745,1.0,299.285,303.945,,,,
2025-12-19,GOOGL,B,no_pullback,SHORT,323.86750858809745,2.0,301.035,307.21,,,,
2025-12-22,GOOGL,B,no_pullback,SHORT,323.86750858809745,3.0,305.37,310.12,,,,
2025-12-23,GOOGL,B,pullback_gate_fail,SHORT,,4.0,,,False,False,58.57056271886855,-1.5199340978759572
2025-12-24,GOOGL,B,pullback_gate_fail,SHORT,,5.0,,,False,False,58.19912747594779,-1.3028006553222475
2025-12-26,GOOGL,B,pullback_gate_fail,SHORT,,6.0,,,False,False,57.680797814811875,-0.9720741742194434
2025-12-29,GOOGL,B,no_pullback,SHORT,323.86750858809745,7.0,310.735,313.93,,,,
2025-12-30,GOOGL,B,pullback_gate_fail,SHORT,,8.0,,,False,True,57.949061864444815,0.2349056189828893
2025-12-31,GOOGL,B,pullback_gate_fail,SHORT,,9.0,,,False,False,56.90682228118128,-0.8962527637928126
2026-01-02,GOOGL,B,pullback_gate_fail,SHORT,,10.0,,,False,True,59.01116282785052,3.7799778775587924
2026-01-05,GOOGL,B,window_expired,SHORT,,11.0,,,,,,
2026-01-08,GOOGL,B,flip_armed,LONG,307.55385587640615,,,,,,,
2026-01-09,GOOGL,B,no_pullback,LONG,310.4427202887656,1.0,325.85,330.765,,,,
2026-01-12,GOOGL,B,no_pullback,LONG,311.290448259889,2.0,325.15,334.025,,,,
2026-01-13,GOOGL,B,no_pullback,LONG,318.45515343390014,3.0,333.685,340.46,,,,
2026-01-14,GOOGL,B,no_pullback,LONG,318.45515343390014,4.0,330.5,336.5,,,,
2026-01-15,GOOGL,B,no_pullback,LONG,318.45515343390014,5.0,330.77,337.51,,,,
2026-01-16,GOOGL,B,pullback_gate_fail,LONG,,6.0,,,True,False,63.91228427111133,-2.1703518366269847
2026-01-20,GOOGL,B,pullback_gate_fail,LONG,,7.0,,,True,False,53.406331491407755,-5.145826637182147
2026-01-21,GOOGL,B,pullback_gate_fail,LONG,,8.0,,,True,False,59.16664778251711,-3.805682525625265
2026-01-22,GOOGL,B,no_pullback,LONG,318.45515343390014,9.0,328.77,335.07,,,,
2026-01-23,GOOGL,B,pullback_gate_fail,LONG,,10.0,,,True,False,57.700572993874275,-2.6523695023309237
2026-01-26,GOOGL,B,window_expired,LONG,,11.0,,,,,,
2026-02-10,GOOGL,B,flip_armed,SHORT,345.11909820548624,,,,,,,
2026-02-11,GOOGL,B,no_pullback,SHORT,342.3066883849377,1.0,309.66,320.79,,,,
2026-02-12,GOOGL,B,no_pullback,SHORT,338.45726954644385,2.0,307.765,316.19,,,,
2026-02-13,GOOGL,B,no_pullback,SHORT,331.15179259179945,3.0,303.88,308.2,,,,
2026-02-17,GOOGL,B,no_pullback,SHORT,325.2631133326195,4.0,296.3,304.32,,,,
2026-02-18,GOOGL,B,no_pullback,SHORT,325.2631133326195,5.0,301.25,305.38,,,,
2026-02-19,GOOGL,B,no_pullback,SHORT,325.26127179942176,6.0,300.115,305.455,,,,
2026-02-20,GOOGL,B,pullback_gate_fail,SHORT,,7.0,,,True,False,46.32481868210603,-5.90653300265253
2026-02-23,GOOGL,B,pullback_gate_fail,SHORT,,8.0,,,True,False,43.28182582404593,-6.547113560417536
2026-02-24,GOOGL,B,no_pullback,SHORT,325.26127179942176,9.0,306.02,312.22,,,,
2026-02-25,GOOGL,B,no_pullback,SHORT,325.26127179942176,10.0,309.44,313.635,,,,
2026-02-26,GOOGL,B,window_expired,SHORT,,11.0,,,,,,
2023-08-29,QQQ,B,flip_armed,LONG,355.21853415312023,,,,,,,
2023-08-30,QQQ,B,no_pullback,LONG,360.83368073780815,1.0,373.88,377.41,,,,
2023-08-31,QQQ,B,no_pullback,LONG,364.3198126640274,2.0,377.0,379.71,,,,
2023-09-01,QQQ,B,no_pullback,LONG,364.63833139762465,3.0,376.12,380.72,,,,
2023-09-05,QQQ,B,no_pullback,LONG,364.63833139762465,4.0,375.905,379.29,,,,
2023-09-06,QQQ,B,pullback_gate_fail,LONG,,5.0,,,True,False,55.16596201385568,-1.7481973305714256
2023-09-07,QQQ,B,pullback_gate_fail,LONG,,6.0,,,True,False,51.573027433333124,-3.362405829253781
2023-09-08,QQQ,B,pullback_gate_fail,LONG,,7.0,,,True,False,52.259892719071836,-2.492222780760933
2023-09-11,QQQ,B,pullback_gate_fail,LONG,,8.0,,,True,False,57.31828542143055,-0.21903125582452176
2023-09-12,QQQ,B,pullback_gate_fail,LONG,,9.0,,,True,False,51.63027412438603,-1.3558786221779577
2023-09-13,QQQ,B,pullback_gate_fail,LONG,,10.0,,,True,False,53.31895990353024,-1.8246301363721749
2023-09-14,QQQ,B,window_expired,LONG,,11.0,,,,,,
2023-09-20,QQQ,B,flip_armed,SHORT,380.2767141354046,,,,,,,
2023-09-21,QQQ,B,pullback_entry,SHORT,372.5305427218641,1.0,357.71,,,,35.22352200372791,5.268280729800736
2023-10-10,QQQ,B,flip_armed,LONG,353.9101378164366,,,,,,,
2023-10-11,QQQ,B,no_pullback,LONG,355.59512403479295,1.0,368.24,371.39,,,,
2023-10-12,QQQ,B,no_pullback,LONG,356.2433616313137,2.0,367.55,373.515,,,,
2023-10-13,QQQ,B,pullback_gate_fail,LONG,,3.0,,,True,False,50.015095374194416,-2.9396193797347614
2023-10-16,QQQ,B,pullback_gate_fail,LONG,,4.0,,,True,False,54.78925830263032,-2.519673754058367
2023-10-17,QQQ,B,pullback_gate_fail,LONG,,5.0,,,True,False,53.29073480704076,-2.774244924968606
2023-10-18,QQQ,B,pullback_gate_fail,LONG,,6.0,,,False,False,46.957527657016726,-0.9276767895710769
2023-10-19,QQQ,B,pullback_gate_fail,LONG,,7.0,,,False,True,43.680394109571665,1.3722965432601555
2023-10-20,QQQ,B,reflip_disarm,LONG,,8.0,,,,,,
2023-10-20,QQQ,B,flip_armed,SHORT,372.048769058793,,,,,,,
2023-10-23,QQQ,B,no_pullback,SHORT,370.58389215291373,1.0,351.28,359.2,,,,
2023-10-24,QQQ,B,pullback_entry,SHORT,370.58389215291373,2.0,355.84,,,,44.6984645646594,2.7638224636086903
2024-01-03,QQQ,B,flip_armed,SHORT,410.6178232538396,,,,,,,
2024-01-04,QQQ,B,pullback_entry,SHORT,408.75204092845564,1.0,396.07,,,,46.91789322050024,0.3397143235343947
2024-01-10,QQQ,B,flip_armed,LONG,395.4913799468403,,,,,,,
2024-01-11,QQQ,B,pullback_gate_fail,LONG,,1.0,,,True,False,62.61614180919696,-0.7445643525721124
2024-01-12,QQQ,B,pullback_gate_fail,LONG,,2.0,,,True,False,62.75680476096957,-0.5816898764870579
2024-01-16,QQQ,B,pullback_gate_fail,LONG,,3.0,,,True,False,62.80318176834741,-2.141158702361519
2024-01-17,QQQ,B,pullback_gate_fail,LONG,,4.0,,,True,False,58.37982747854135,-2.216289738858805
2024-01-18,QQQ,B,pullback_gate_fail,LONG,,5.0,,,True,False,65.23958285622788,-0.6985119859358662
2024-01-19,QQQ,B,pullback_entry,LONG,404.62005366032867,6.0,414.645,,,,72.0689996625726,2.9408907995304254
2024-04-15,QQQ,B,flip_armed,SHORT,453.127914648333,,,,,,,
2024-04-16,QQQ,B,no_pullback,SHORT,447.94387318349965,1.0,429.78,433.655,,,,
2024-04-17,QQQ,B,pullback_entry,SHORT,445.6712358651497,2.0,424.91,,,,37.20560797588523,3.467899158691125
2024-07-17,QQQ,B,flip_armed,SHORT,502.37642938907817,,,,,,,
2024-07-18,QQQ,B,pullback_entry,SHORT,498.7717864501704,1.0,476.305,,,,46.64304817965348,0.7995051265754043
2024-08-15,QQQ,B,flip_armed,LONG,444.25361967897396,,,,,,,
2024-08-16,QQQ,B,no_pullback,LONG,448.37375771107656,1.0,471.92,476.29,,,,
2024-08-19,QQQ,B,no_pullback,LONG,452.26938193996887,2.0,473.47,481.3,,,,
2024-08-20,QQQ,B,no_pullback,LONG,457.043443745972,3.0,478.56,482.91,,,,
2024-08-21,QQQ,B,no_pullback,LONG,459.3100993713748,4.0,479.39,484.36,,,,
2024-08-22,QQQ,B,no_pullback,LONG,459.3100993713748,5.0,473.87,485.5,,,,
2024-08-23,QQQ,B,no_pullback,LONG,459.3100993713748,6.0,475.32,482.69,,,,
2024-08-26,QQQ,B,no_pullback,LONG,459.3100993713748,7.0,473.25,480.34,,,,
2024-08-27,QQQ,B,pullback_gate_fail,LONG,,8.0,,,True,False,55.17032636173444,-4.008443399088463
2024-08-28,QQQ,B,pullback_gate_fail,LONG,,9.0,,,True,False,50.930814843008065,-1.2360072575536947
2024-08-29,QQQ,B,pullback_gate_fail,LONG,,10.0,,,True,False,50.5967345570865,-1.7690038550164466
2024-08-30,QQQ,B,window_expired,LONG,,11.0,,,,,,
2024-09-06,QQQ,B,flip_armed,SHORT,477.7231443034287,,,,,,,
2024-09-09,QQQ,B,no_pullback,SHORT,475.0703298730859,1.0,449.96,455.41,,,,
2024-09-10,QQQ,B,no_pullback,SHORT,475.0703298730859,2.0,452.29,459.15,,,,
2024-09-11,QQQ,B,pullback_gate_fail,SHORT,,3.0,,,False,False,51.61833699788761,-4.945444201264536
2024-09-12,QQQ,B,pullback_gate_fail,SHORT,,4.0,,,False,False,54.55614026469801,-2.249429828545388
2024-09-13,QQQ,B,reflip_disarm,SHORT,,5.0,,,,,,
2024-09-13,QQQ,B,flip_armed,LONG,452.27582507026835,,,,,,,
2024-09-16,QQQ,B,no_pullback,LONG,452.27582507026835,1.0,469.98,473.79,,,,
2024-09-17,QQQ,B,no_pullback,LONG,453.4781683069174,2.0,471.02,477.44,,,,
2024-09-18,QQQ,B,no_pullback,LONG,454.14585147622563,3.0,470.86,478.71,,,,
2024-09-19,QQQ,B,no_pullback,LONG,461.1397663286031,4.0,480.6,486.22,,,,
2024-09-20,QQQ,B,no_pullback,LONG,461.1397663286031,5.0,478.365,483.67,,,,
2024-09-23,QQQ,B,no_pullback,LONG,463.0399857261685,6.0,481.66,484.11,,,,
2024-09-24,QQQ,B,no_pullback,LONG,463.84948715355165,7.0,480.18,486.3,,,,
2024-09-25,QQQ,B,no_pullback,LONG,467.92103843819643,8.0,484.58,487.75,,,,
2024-09-26,QQQ,B,no_pullback,LONG,471.36543459437684,9.0,485.83,493.65,,,,
2024-09-27,QQQ,B,no_pullback,LONG,471.36543459437684,10.0,485.61,490.58,,,,
2024-09-30,QQQ,B,window_expired,LONG,,11.0,,,,,,
2024-11-15,QQQ,B,flip_armed,SHORT,516.4825519573218,,,,,,,
2024-11-18,QQQ,B,pullback_gate_fail,SHORT,,1.0,,,False,False,51.53332315256174,-0.5439605812793715
2024-11-19,QQQ,B,pullback_gate_fail,SHORT,,2.0,,,False,False,54.37398493454383,-1.85265850495934
2024-11-20,QQQ,B,pullback_gate_fail,SHORT,,3.0,,,False,False,54.03881151065036,-1.2493215630999117
2024-11-21,QQQ,B,pullback_gate_fail,SHORT,,4.0,,,False,False,55.68284132473958,-3.795929232029266
2024-11-22,QQQ,B,pullback_gate_fail,SHORT,,5.0,,,False,False,56.39887303298489,-3.2536536274536623
2024-11-25,QQQ,B,pullback_gate_fail,SHORT,,6.0,,,False,False,57.13550024361155,-0.25378318348208495
2024-11-26,QQQ,B,pullback_gate_fail,SHORT,,7.0,,,False,False,59.64993047311656,-0.2175284429846407
2024-11-27,QQQ,B,pullback_gate_fail,SHORT,,8.0,,,False,False,54.5442787440315,-1.8060616770962952
2024-11-29,QQQ,B,pullback_gate_fail,SHORT,,9.0,,,False,False,58.52721589357449,-2.5515418801578917
2024-12-02,QQQ,B,pullback_gate_fail,SHORT,,10.0,,,False,True,63.27121251649571,1.4886828939014372
2024-12-03,QQQ,B,reflip_disarm,SHORT,,11.0,,,,,,
2024-12-03,QQQ,B,flip_armed,LONG,499.9866727373862,,,,,,,
2024-12-04,QQQ,B,pullback_entry,LONG,506.11500546364766,1.0,519.6,,,,68.85906161885183,4.096699246545555
2025-01-22,QQQ,B,flip_armed,LONG,509.5554292672033,,,,,,,
2025-01-23,QQQ,B,no_pullback,LONG,509.7113863404831,1.0,528.51,532.64,,,,
2025-01-24,QQQ,B,no_pullback,LONG,510.7789977064347,2.0,528.175,533.7,,,,
2025-01-27,QQQ,B,pullback_gate_fail,LONG,,3.0,,,False,False,46.597385992700104,-0.6639679251597244
2025-01-28,QQQ,B,pullback_gate_fail,LONG,,4.0,,,True,False,51.78444411243306,-2.7964364597431484
2025-01-29,QQQ,B,pullback_gate_fail,LONG,,5.0,,,True,False,50.97027082011991,-2.3969455369227006
2025-01-30,QQQ,B,pullback_gate_fail,LONG,,6.0,,,True,False,52.61877156680105,-2.513978630589726
2025-01-31,QQQ,B,pullback_entry,LONG,510.7789977064347,7.0,521.21,,,,52.030755629699826,0.056060463182340925
2025-04-09,QQQ,B,flip_armed,LONG,388.00247624830706,,,,,,,
2025-04-10,QQQ,B,no_pullback,LONG,388.00247624830706,1.0,432.72,455.465,,,,
2025-04-11,QQQ,B,no_pullback,LONG,394.40885576112873,2.0,441.57,455.61,,,,
2025-04-14,QQQ,B,no_pullback,LONG,406.9919701850158,3.0,452.75,464.77,,,,
2025-04-15,QQQ,B,no_pullback,LONG,411.25127316651424,4.0,456.34,462.35,,,,
2025-04-16,QQQ,B,no_pullback,LONG,411.25127316651424,5.0,437.76,452.51,,,,
2025-04-17,QQQ,B,no_pullback,LONG,411.25127316651424,6.0,441.36,447.73,,,,
2025-04-21,QQQ,B,no_pullback,LONG,411.25127316651424,7.0,427.98,439.055,,,,
2025-04-22,QQQ,B,no_pullback,LONG,411.25127316651424,8.0,437.76,447.44,,,,
2025-04-23,QQQ,B,no_pullback,LONG,413.995028742095,9.0,452.94,463.2,,,,
2025-04-24,QQQ,B,no_pullback,LONG,418.76752586788547,10.0,455.94,467.63,,,,
2025-04-25,QQQ,B,window_expired,LONG,,11.0,,,,,,
2025-08-01,QQQ,B,flip_armed,SHORT,570.6256250943378,,,,,,,
2025-08-04,QQQ,B,pullback_gate_fail,SHORT,,1.0,,,False,False,58.94197398685427,-4.230791051353851
2025-08-05,QQQ,B,pullback_gate_fail,SHORT,,2.0,,,False,False,54.33587991182477,-2.477174413277922
2025-08-06,QQQ,B,pullback_gate_fail,SHORT,,3.0,,,False,False,60.40868535244987,-1.5082925594249446
2025-08-07,QQQ,B,pullback_gate_fail,SHORT,,4.0,,,False,True,61.87945673374241,1.196008332355202
2025-08-08,QQQ,B,reflip_disarm,SHORT,,5.0,,,,,,
2025-08-08,QQQ,B,flip_armed,LONG,555.7683566630445,,,,,,,
2025-08-11,QQQ,B,pullback_entry,LONG,557.8760209967401,1.0,571.63,,,,63.378992006861786,2.144514194040955
2025-08-21,QQQ,B,flip_armed,SHORT,579.491807934607,,,,,,,
2025-08-22,QQQ,B,pullback_gate_fail,SHORT,,1.0,,,False,False,55.86312861022369,-4.6997691180856265
2025-08-25,QQQ,B,pullback_gate_fail,SHORT,,2.0,,,False,False,53.855798768496335,-4.028373529787682
2025-08-26,QQQ,B,pullback_gate_fail,SHORT,,3.0,,,False,False,56.056689525577795,-3.216024847366402
2025-08-27,QQQ,B,pullback_gate_fail,SHORT,,4.0,,,False,False,56.89569648806166,-2.9748468724072374
2025-08-28,QQQ,B,pullback_gate_fail,SHORT,,5.0,,,False,False,60.08719918949187,-0.10803740040783794
2025-08-29,QQQ,B,pullback_gate_fail,SHORT,,6.0,,,False,False,52.08892138589984,-2.742698259636878
2025-09-02,QQQ,B,pullback_entry,SHORT,579.4100710365177,7.0,559.54,,,,47.428544076942295,2.279892381904009
2025-09-09,QQQ,B,flip_armed,LONG,563.0982498036466,,,,,,,
2025-09-10,QQQ,B,pullback_entry,LONG,565.5509248232819,1.0,578.57,,,,61.1728872399439,1.5355831344121889
2025-10-10,QQQ,B,flip_armed,SHORT,620.1825997065116,,,,,,,
2025-10-13,QQQ,B,pullback_gate_fail,SHORT,,1.0,,,False,True,55.25860898488116,2.564024697270849
2025-10-14,QQQ,B,pullback_gate_fail,SHORT,,2.0,,,False,True,52.04874623059095,3.9610474440387833
2025-10-15,QQQ,B,pullback_gate_fail,SHORT,,3.0,,,False,True,54.93812403145323,0.45006754165505924
2025-10-16,QQQ,B,pullback_gate_fail,SHORT,,4.0,,,False,False,53.15458831346418,-0.7760108339615144
2025-10-17,QQQ,B,pullback_gate_fail,SHORT,,5.0,,,False,False,55.90345198102003,-0.6651521433955807
2025-10-20,QQQ,B,pullback_gate_fail,SHORT,,6.0,,,False,False,60.932495776084586,-4.271266273755671
2025-10-21,QQQ,B,pullback_gate_fail,SHORT,,7.0,,,False,False,60.70012814405791,-3.6610853775048575
2025-10-22,QQQ,B,pullback_gate_fail,SHORT,,8.0,,,False,True,55.17666546587709,0.40834598647698783
2025-10-23,QQQ,B,pullback_gate_fail,SHORT,,9.0,,,False,True,58.647177217598795,0.3500108455517008
2025-10-24,QQQ,B,pullback_gate_fail,SHORT,,10.0,,,False,False,62.68964598708462,-3.4623420694131397
2025-10-27,QQQ,B,reflip_disarm,SHORT,,11.0,,,,,,
2025-10-27,QQQ,B,flip_armed,LONG,604.0645356807476,,,,,,,
2025-10-28,QQQ,B,no_pullback,LONG,610.3150821126727,1.0,629.26,634.645,,,,
2025-10-29,QQQ,B,pullback_entry,LONG,612.5288239014054,2.0,630.35,,,,71.71944225858968,2.787182673229001
2025-11-06,QQQ,B,flip_armed,SHORT,639.4954417020132,,,,,,,
2025-11-07,QQQ,B,pullback_entry,SHORT,628.5398975318119,1.0,598.68,,,,47.92614356305259,3.6939035495091552
2025-12-02,QQQ,B,flip_armed,LONG,593.1961968450127,,,,,,,
2025-12-03,QQQ,B,no_pullback,LONG,594.8765771605115,1.0,618.09,624.205,,,,
2025-12-04,QQQ,B,no_pullback,LONG,597.3361694444602,2.0,619.66,624.94,,,,
2025-12-05,QQQ,B,no_pullback,LONG,602.3500525000143,3.0,623.735,628.89,,,,
2025-12-08,QQQ,B,no_pullback,LONG,602.3500525000143,4.0,621.73,628.8,,,,
2025-12-09,QQQ,B,no_pullback,LONG,602.3500525000143,5.0,621.66,625.86,,,,
2025-12-10,QQQ,B,pullback_entry,LONG,603.2347007725102,6.0,621.05,,,,60.66975467438819,1.4702672486834594
2025-12-17,QQQ,B,flip_armed,SHORT,630.6958524408404,,,,,,,
2025-12-18,QQQ,B,pullback_entry,SHORT,630.6958524408404,1.0,606.94,,,,46.32912221186464,3.294554910196897
2026-01-27,QQQ,B,flip_armed,LONG,610.4379170716988,,,,,,,
2026-01-28,QQQ,B,pullback_entry,LONG,615.490875364529,1.0,631.855,,,,60.95364270748356,2.312489458242183
2026-02-04,QQQ,B,flip_armed,SHORT,633.0535261809993,,,,,,,
2026-02-05,QQQ,B,no_pullback,SHORT,625.2186735628993,1.0,594.79,604.73,,,,
2026-02-06,QQQ,B,pullback_entry,SHORT,625.2186735628993,2.0,598.88,,,,44.354593903781215,0.4902011155428525
